"BULAN"|"WITEL"|"STO"|"STATUS_LOSS"|"TOTAL"|"PLEVEL1"|"PLEVEL2"|"JUMLAH"|"SUBTOTAL"
"202209"|BANTEN|BAY|New CT0|0|ARPU_KW2|"300K s/d 500K"|18|0
"202209"|BANTEN|BAY|New CT0|0|ARPU_KW2|"500K s/d 700K"|2|0
"202209"|BANTEN|BAY|New CT0|0|ARPU_KW2|< 300K|8|0
"202209"|BANTEN|BJO|Churn APS|0|ARPU_KW2|< 300K|1|0
"202209"|BANTEN|BJO|Churn APS|0|ARPU_KW2|<150K|2|0
"202209"|BANTEN|BJO|Churn APS|0|ARPU_KW2|<250K|3|0
"202209"|BANTEN|BJO|New CT0|0|ARPU_KW2|"300K s/d 500K"|17|0
"202209"|BANTEN|BJO|New CT0|0|ARPU_KW2|< 300K|14|0
"202209"|BANTEN|BJT|Churn APS|0|ARPU_KW2|"300K s/d 500K"|1|0
"202209"|BANTEN|BJT|Churn APS|0|ARPU_KW2|< 300K|2|0
"202209"|BANTEN|BJT|New CT0|0|ARPU_KW2|"300K s/d 500K"|4|0
"202209"|BANTEN|BJT|New CT0|0|ARPU_KW2|< 300K|5|0
"202209"|BANTEN|BLJ|Churn APS|0|ARPU_KW2|"300K s/d 500K"|3|0
"202209"|BANTEN|BLJ|Churn APS|0|ARPU_KW2|< 300K|5|0
"202209"|BANTEN|BLJ|Churn APS|0|ARPU_KW2|<250K|1|0
"202209"|BANTEN|BLJ|New CT0|0|ARPU_KW2|"300K s/d 500K"|21|0
"202209"|BANTEN|BLJ|New CT0|0|ARPU_KW2|< 300K|14|0
"202209"|BANTEN|BLJ|New CT0|0|ARPU_KW2|>= 700K|2|0
"202209"|BANTEN|BRS|Churn APS|0|ARPU_KW2|<150K|1|0
"202209"|BANTEN|BRS|Churn APS|0|ARPU_KW2|<250K|2|0
"202209"|BANTEN|BRS|Churn APS|0|ARPU_KW2|<500K|2|0
"202209"|BANTEN|BRS|New CT0|0|ARPU_KW2|"300K s/d 500K"|15|0
"202209"|BANTEN|BRS|New CT0|0|ARPU_KW2|"500K s/d 700K"|7|0
"202209"|BANTEN|BRS|New CT0|0|ARPU_KW2|< 300K|16|0
"202209"|BANTEN|CKA|Churn APS|0|ARPU_KW2|"300K s/d 500K"|24|0
"202209"|BANTEN|CKA|Churn APS|0|ARPU_KW2|"500K s/d 700K"|2|0
"202209"|BANTEN|CKA|Churn APS|0|ARPU_KW2|< 300K|9|0
"202209"|BANTEN|CKA|Churn APS|0|ARPU_KW2|<150K|6|0
"202209"|BANTEN|CKA|Churn APS|0|ARPU_KW2|<250K|4|0
"202209"|BANTEN|CKA|Churn APS|0|ARPU_KW2|<500K|3|0
"202209"|BANTEN|CKA|Churn APS|0|ARPU_KW2|>= 700K|2|0
"202209"|BANTEN|CKA|New CT0|0|ARPU_KW2|"300K s/d 500K"|100|0
"202209"|BANTEN|CKA|New CT0|0|ARPU_KW2|"500K s/d 700K"|20|0
"202209"|BANTEN|CKA|New CT0|0|ARPU_KW2|< 300K|65|0
"202209"|BANTEN|CKA|New CT0|0|ARPU_KW2|>= 700K|51|0
"202209"|BANTEN|CKA|New CT0 1|0|ARPU_KW2|"300K s/d 500K"|2|0
"202209"|BANTEN|CKA|New CT0 1|0|ARPU_KW2|< 300K|4|0
"202209"|BANTEN|CKD|Churn APS|0|ARPU_KW2|"300K s/d 500K"|5|0
"202209"|BANTEN|CKD|Churn APS|0|ARPU_KW2|< 300K|1|0
"202209"|BANTEN|CKD|Churn APS|0|ARPU_KW2|<150K|1|0
"202209"|BANTEN|CKD|Churn APS|0|ARPU_KW2|<250K|2|0
"202209"|BANTEN|CKD|Churn APS|0|ARPU_KW2|>= 700K|1|0
"202209"|BANTEN|CKD|New CT0|0|ARPU_KW2|UNKNOWN|1|0
"202209"|BANTEN|CKD|New CT0|0|ARPU_KW2|"300K s/d 500K"|22|0
"202209"|BANTEN|CKD|New CT0|0|ARPU_KW2|"500K s/d 700K"|1|0
"202209"|BANTEN|CKD|New CT0|0|ARPU_KW2|< 300K|12|0
"202209"|BANTEN|CKD|New CT0|0|ARPU_KW2|>= 700K|1|0
"202209"|BANTEN|CLG|Churn APS|0|ARPU_KW2|"300K s/d 500K"|25|0
"202209"|BANTEN|CLG|Churn APS|0|ARPU_KW2|"500K s/d 700K"|2|0
"202209"|BANTEN|CLG|Churn APS|0|ARPU_KW2|< 300K|9|0
"202209"|BANTEN|CLG|Churn APS|0|ARPU_KW2|<10K|1|0
"202209"|BANTEN|CLG|Churn APS|0|ARPU_KW2|<150K|31|0
"202209"|BANTEN|CLG|Churn APS|0|ARPU_KW2|<250K|16|0
"202209"|BANTEN|CLG|Churn APS|0|ARPU_KW2|<500K|8|0
"202209"|BANTEN|CLG|Churn APS|0|ARPU_KW2|>1000K|1|0
"202209"|BANTEN|CLG|New CT0|0|ARPU_KW2|"300K s/d 500K"|95|0
"202209"|BANTEN|CLG|New CT0|0|ARPU_KW2|"500K s/d 700K"|6|0
"202209"|BANTEN|CLG|New CT0|0|ARPU_KW2|< 300K|61|0
"202209"|BANTEN|CLG|New CT0|0|ARPU_KW2|>= 700K|1|0
"202209"|BANTEN|CLG|New CT0 1|0|ARPU_KW2|"300K s/d 500K"|1|0
"202209"|BANTEN|CLG|New CT0 1|0|ARPU_KW2|< 300K|1|0
"202209"|BANTEN|CRS|Churn APS|0|ARPU_KW2|"300K s/d 500K"|11|0
"202209"|BANTEN|CRS|Churn APS|0|ARPU_KW2|< 300K|13|0
"202209"|BANTEN|CRS|Churn APS|0|ARPU_KW2|<10K|1|0
"202209"|BANTEN|CRS|Churn APS|0|ARPU_KW2|<150K|15|0
"202209"|BANTEN|CRS|Churn APS|0|ARPU_KW2|<250K|10|0
"202209"|BANTEN|CRS|Churn APS|0|ARPU_KW2|<500K|1|0
"202209"|BANTEN|CRS|New CT0|0|ARPU_KW2|"300K s/d 500K"|60|0
"202209"|BANTEN|CRS|New CT0|0|ARPU_KW2|"500K s/d 700K"|7|0
"202209"|BANTEN|CRS|New CT0|0|ARPU_KW2|< 300K|58|0
"202209"|BANTEN|CRS|New CT0 1|0|ARPU_KW2|"300K s/d 500K"|1|0
"202209"|BANTEN|CRS|New CT0 1|0|ARPU_KW2|< 300K|1|0
"202209"|BANTEN|CSK|Churn APS|0|ARPU_KW2|"300K s/d 500K"|2|0
"202209"|BANTEN|CSK|Churn APS|0|ARPU_KW2|< 300K|1|0
"202209"|BANTEN|CSK|Churn APS|0|ARPU_KW2|<10K|1|0
"202209"|BANTEN|CSK|Churn APS|0|ARPU_KW2|<150K|4|0
"202209"|BANTEN|CSK|Churn APS|0|ARPU_KW2|<500K|1|0
"202209"|BANTEN|CSK|New CT0|0|ARPU_KW2|"300K s/d 500K"|35|0
"202209"|BANTEN|CSK|New CT0|0|ARPU_KW2|"500K s/d 700K"|4|0
"202209"|BANTEN|CSK|New CT0|0|ARPU_KW2|< 300K|23|0
"202209"|BANTEN|CSK|New CT0|0|ARPU_KW2|>= 700K|1|0
"202209"|BANTEN|CSK|New CT0 1|0|ARPU_KW2|"300K s/d 500K"|1|0
"202209"|BANTEN|CSK|New CT0 1|0|ARPU_KW2|< 300K|3|0
"202209"|BANTEN|CWN|Churn APS|0|ARPU_KW2|"300K s/d 500K"|2|0
"202209"|BANTEN|CWN|Churn APS|0|ARPU_KW2|< 300K|2|0
"202209"|BANTEN|CWN|Churn APS|0|ARPU_KW2|<150K|2|0
"202209"|BANTEN|CWN|Churn APS|0|ARPU_KW2|<250K|1|0
"202209"|BANTEN|CWN|Churn APS|0|ARPU_KW2|<500K|1|0
"202209"|BANTEN|CWN|Churn APS|0|ARPU_KW2|>= 700K|1|0
"202209"|BANTEN|CWN|New CT0|0|ARPU_KW2|"300K s/d 500K"|11|0
"202209"|BANTEN|CWN|New CT0|0|ARPU_KW2|< 300K|8|0
"202209"|BANTEN|CWN|New CT0|0|ARPU_KW2|>= 700K|2|0
"202209"|BANTEN|CWN|New CT0 1|0|ARPU_KW2|"300K s/d 500K"|1|0
"202209"|BANTEN|CWN|New CT0 1|0|ARPU_KW2|"500K s/d 700K"|1|0
"202209"|BANTEN|GRL|Churn APS|0|ARPU_KW2|< 300K|1|0
"202209"|BANTEN|GRL|Churn APS|0|ARPU_KW2|<150K|1|0
"202209"|BANTEN|GRL|Churn APS|0|ARPU_KW2|<250K|5|0
"202209"|BANTEN|GRL|New CT0|0|ARPU_KW2|"300K s/d 500K"|11|0
"202209"|BANTEN|GRL|New CT0|0|ARPU_KW2|< 300K|5|0
"202209"|BANTEN|KMT|Churn APS|0|ARPU_KW2|"300K s/d 500K"|5|0
"202209"|BANTEN|KMT|Churn APS|0|ARPU_KW2|"500K s/d 700K"|2|0
"202209"|BANTEN|KMT|Churn APS|0|ARPU_KW2|<150K|6|0
"202209"|BANTEN|KMT|Churn APS|0|ARPU_KW2|<250K|5|0
"202209"|BANTEN|KMT|Churn APS|0|ARPU_KW2|<500K|3|0
"202209"|BANTEN|KMT|New CT0|0|ARPU_KW2|"300K s/d 500K"|20|0
"202209"|BANTEN|KMT|New CT0|0|ARPU_KW2|< 300K|9|0
"202209"|BANTEN|KRS|Churn APS|0|ARPU_KW2|"300K s/d 500K"|1|0
"202209"|BANTEN|KRS|New CT0|0|ARPU_KW2|"300K s/d 500K"|6|0
"202209"|BANTEN|KRS|New CT0|0|ARPU_KW2|"500K s/d 700K"|1|0
"202209"|BANTEN|KRS|New CT0|0|ARPU_KW2|< 300K|4|0
"202209"|BANTEN|KRS|New CT0|0|ARPU_KW2|>= 700K|1|0
"202209"|BANTEN|LBU|Churn APS|0|ARPU_KW2|"300K s/d 500K"|4|0
"202209"|BANTEN|LBU|Churn APS|0|ARPU_KW2|< 300K|3|0
"202209"|BANTEN|LBU|Churn APS|0|ARPU_KW2|<150K|1|0
"202209"|BANTEN|LBU|Churn APS|0|ARPU_KW2|<250K|2|0
"202209"|BANTEN|LBU|Churn APS|0|ARPU_KW2|<500K|2|0
"202209"|BANTEN|LBU|New CT0|0|ARPU_KW2|"300K s/d 500K"|69|0
"202209"|BANTEN|LBU|New CT0|0|ARPU_KW2|"500K s/d 700K"|7|0
"202209"|BANTEN|LBU|New CT0|0|ARPU_KW2|< 300K|44|0
"202209"|BANTEN|LBU|New CT0|0|ARPU_KW2|>= 700K|3|0
"202209"|BANTEN|LBU|New CT0 1|0|ARPU_KW2|"300K s/d 500K"|4|0
"202209"|BANTEN|LBU|New CT0 1|0|ARPU_KW2|"500K s/d 700K"|1|0
"202209"|BANTEN|LWD|New CT0|0|ARPU_KW2|"300K s/d 500K"|2|0
"202209"|BANTEN|LWD|New CT0|0|ARPU_KW2|"500K s/d 700K"|5|0
"202209"|BANTEN|MEN|Churn APS|0|ARPU_KW2|"300K s/d 500K"|6|0
"202209"|BANTEN|MEN|Churn APS|0|ARPU_KW2|< 300K|1|0
"202209"|BANTEN|MEN|Churn APS|0|ARPU_KW2|<150K|2|0
"202209"|BANTEN|MEN|New CT0|0|ARPU_KW2|"300K s/d 500K"|12|0
"202209"|BANTEN|MEN|New CT0|0|ARPU_KW2|< 300K|10|0
"202209"|BANTEN|MER|Churn APS|0|ARPU_KW2|"300K s/d 500K"|1|0
"202209"|BANTEN|MER|Churn APS|0|ARPU_KW2|"500K s/d 700K"|1|0
"202209"|BANTEN|MER|Churn APS|0|ARPU_KW2|<150K|3|0
"202209"|BANTEN|MER|Churn APS|0|ARPU_KW2|<250K|1|0
"202209"|BANTEN|MER|New CT0|0|ARPU_KW2|"300K s/d 500K"|24|0
"202209"|BANTEN|MER|New CT0|0|ARPU_KW2|"500K s/d 700K"|1|0
"202209"|BANTEN|MER|New CT0|0|ARPU_KW2|< 300K|14|0
"202209"|BANTEN|MER|New CT0|0|ARPU_KW2|>= 700K|4|0
"202209"|BANTEN|MER|New CT0 1|0|ARPU_KW2|"300K s/d 500K"|1|0
"202209"|BANTEN|MER|New CT0 1|0|ARPU_KW2|< 300K|1|0
"202209"|BANTEN|MLP|New CT0|0|ARPU_KW2|"300K s/d 500K"|16|0
"202209"|BANTEN|MLP|New CT0|0|ARPU_KW2|< 300K|10|0
"202209"|BANTEN|MLP|New CT0 1|0|ARPU_KW2|"300K s/d 500K"|1|0
"202209"|BANTEN|PBN|Churn APS|0|ARPU_KW2|"300K s/d 500K"|1|0
"202209"|BANTEN|PBN|Churn APS|0|ARPU_KW2|<150K|1|0
"202209"|BANTEN|PBN|Churn APS|0|ARPU_KW2|<250K|2|0
"202209"|BANTEN|PBN|New CT0|0|ARPU_KW2|"300K s/d 500K"|5|0
"202209"|BANTEN|PBN|New CT0|0|ARPU_KW2|< 300K|1|0
"202209"|BANTEN|PBN|New CT0|0|ARPU_KW2|>= 700K|1|0
"202209"|BANTEN|PDG|Churn APS|0|ARPU_KW2|"300K s/d 500K"|13|0
"202209"|BANTEN|PDG|Churn APS|0|ARPU_KW2|"500K s/d 700K"|1|0
"202209"|BANTEN|PDG|Churn APS|0|ARPU_KW2|< 300K|6|0
"202209"|BANTEN|PDG|Churn APS|0|ARPU_KW2|<150K|22|0
"202209"|BANTEN|PDG|Churn APS|0|ARPU_KW2|<250K|4|0
"202209"|BANTEN|PDG|Churn APS|0|ARPU_KW2|<500K|5|0
"202209"|BANTEN|PDG|New CT0|0|ARPU_KW2|"300K s/d 500K"|102|0
"202209"|BANTEN|PDG|New CT0|0|ARPU_KW2|"500K s/d 700K"|3|0
"202209"|BANTEN|PDG|New CT0|0|ARPU_KW2|< 300K|65|0
"202209"|BANTEN|PDG|New CT0|0|ARPU_KW2|>= 700K|1|0
"202209"|BANTEN|PDG|New CT0 1|0|ARPU_KW2|"300K s/d 500K"|6|0
"202209"|BANTEN|PDG|New CT0 1|0|ARPU_KW2|< 300K|2|0
"202209"|BANTEN|PSU|Churn APS|0|ARPU_KW2|< 300K|1|0
"202209"|BANTEN|PSU|Churn APS|0|ARPU_KW2|<250K|1|0
"202209"|BANTEN|PSU|New CT0|0|ARPU_KW2|"300K s/d 500K"|6|0
"202209"|BANTEN|PSU|New CT0|0|ARPU_KW2|< 300K|4|0
"202209"|BANTEN|RKS|Churn APS|0|ARPU_KW2|"300K s/d 500K"|10|0
"202209"|BANTEN|RKS|Churn APS|0|ARPU_KW2|< 300K|9|0
"202209"|BANTEN|RKS|Churn APS|0|ARPU_KW2|<1000K|1|0
"202209"|BANTEN|RKS|Churn APS|0|ARPU_KW2|<150K|6|0
"202209"|BANTEN|RKS|Churn APS|0|ARPU_KW2|<250K|3|0
"202209"|BANTEN|RKS|New CT0|0|ARPU_KW2|"300K s/d 500K"|74|0
"202209"|BANTEN|RKS|New CT0|0|ARPU_KW2|"500K s/d 700K"|8|0
"202209"|BANTEN|RKS|New CT0|0|ARPU_KW2|< 300K|36|0
"202209"|BANTEN|RKS|New CT0|0|ARPU_KW2|>= 700K|2|0
"202209"|BANTEN|RKS|New CT0 1|0|ARPU_KW2|"300K s/d 500K"|5|0
"202209"|BANTEN|RKS|New CT0 1|0|ARPU_KW2|"500K s/d 700K"|1|0
"202209"|BANTEN|RKS|New CT0 1|0|ARPU_KW2|< 300K|2|0
"202209"|BANTEN|SAG|Churn APS|0|ARPU_KW2|"300K s/d 500K"|3|0
"202209"|BANTEN|SAG|Churn APS|0|ARPU_KW2|< 300K|1|0
"202209"|BANTEN|SAG|New CT0|0|ARPU_KW2|"300K s/d 500K"|14|0
"202209"|BANTEN|SAG|New CT0|0|ARPU_KW2|"500K s/d 700K"|1|0
"202209"|BANTEN|SAG|New CT0|0|ARPU_KW2|< 300K|7|0
"202209"|BANTEN|SAM|Churn APS|0|ARPU_KW2|"300K s/d 500K"|1|0
"202209"|BANTEN|SAM|Churn APS|0|ARPU_KW2|<150K|3|0
"202209"|BANTEN|SAM|Churn APS|0|ARPU_KW2|<500K|1|0
"202209"|BANTEN|SAM|New CT0|0|ARPU_KW2|"300K s/d 500K"|20|0
"202209"|BANTEN|SAM|New CT0|0|ARPU_KW2|< 300K|8|0
"202209"|BANTEN|SAM|New CT0 1|0|ARPU_KW2|"300K s/d 500K"|1|0
"202209"|BANTEN|SEG|Churn APS|0|ARPU_KW2|"300K s/d 500K"|20|0
"202209"|BANTEN|SEG|Churn APS|0|ARPU_KW2|"500K s/d 700K"|6|0
"202209"|BANTEN|SEG|Churn APS|0|ARPU_KW2|< 300K|11|0
"202209"|BANTEN|SEG|Churn APS|0|ARPU_KW2|<1000K|1|0
"202209"|BANTEN|SEG|Churn APS|0|ARPU_KW2|<150K|21|0
"202209"|BANTEN|SEG|Churn APS|0|ARPU_KW2|<250K|22|0
"202209"|BANTEN|SEG|Churn APS|0|ARPU_KW2|<500K|6|0
"202209"|BANTEN|SEG|New CT0|0|ARPU_KW2|"300K s/d 500K"|117|0
"202209"|BANTEN|SEG|New CT0|0|ARPU_KW2|"500K s/d 700K"|6|0
"202209"|BANTEN|SEG|New CT0|0|ARPU_KW2|< 300K|112|0
"202209"|BANTEN|SEG|New CT0|0|ARPU_KW2|>= 700K|3|0
"202209"|BANTEN|SEG|New CT0 1|0|ARPU_KW2|"300K s/d 500K"|2|0
"202209"|BANTEN|SEG|New CT0 1|0|ARPU_KW2|< 300K|6|0
"202209"|BANTEN|SKE|New CT0|0|ARPU_KW2|"300K s/d 500K"|14|0
"202209"|BANTEN|SKE|New CT0|0|ARPU_KW2|"500K s/d 700K"|1|0
"202209"|BANTEN|SKE|New CT0|0|ARPU_KW2|< 300K|13|0
"202209"|BANTEN|TGR|Churn APS|0|ARPU_KW2|"300K s/d 500K"|6|0
"202209"|BANTEN|TGR|Churn APS|0|ARPU_KW2|"500K s/d 700K"|1|0
"202209"|BANTEN|TGR|Churn APS|0|ARPU_KW2|< 300K|4|0
"202209"|BANTEN|TGR|Churn APS|0|ARPU_KW2|<1000K|1|0
"202209"|BANTEN|TGR|Churn APS|0|ARPU_KW2|<150K|4|0
"202209"|BANTEN|TGR|Churn APS|0|ARPU_KW2|<250K|3|0
"202209"|BANTEN|TGR|Churn APS|0|ARPU_KW2|<500K|3|0
"202209"|BANTEN|TGR|Churn APS|0|ARPU_KW2|>= 700K|1|0
"202209"|BANTEN|TGR|New CT0|0|ARPU_KW2|"300K s/d 500K"|59|0
"202209"|BANTEN|TGR|New CT0|0|ARPU_KW2|"500K s/d 700K"|4|0
"202209"|BANTEN|TGR|New CT0|0|ARPU_KW2|< 300K|45|0
"202209"|BANTEN|TGR|New CT0|0|ARPU_KW2|>= 700K|1|0
"202209"|BANTEN|TGR|New CT0 1|0|ARPU_KW2|"300K s/d 500K"|1|0
"202209"|BANTEN|TGR|New CT0 1|0|ARPU_KW2|< 300K|1|0
"202209"|BANTEN|TJO|New CT0|0|ARPU_KW2|"300K s/d 500K"|6|0
"202209"|BANTEN|TJO|New CT0|0|ARPU_KW2|< 300K|2|0
"202209"|BEKASI|BBL|Churn APS|0|ARPU_KW2|"300K s/d 500K"|7|0
"202209"|BEKASI|BBL|Churn APS|0|ARPU_KW2|< 300K|10|0
"202209"|BEKASI|BBL|Churn APS|0|ARPU_KW2|<1000K|2|0
"202209"|BEKASI|BBL|Churn APS|0|ARPU_KW2|<10K|3|0
"202209"|BEKASI|BBL|Churn APS|0|ARPU_KW2|<150K|9|0
"202209"|BEKASI|BBL|Churn APS|0|ARPU_KW2|<250K|2|0
"202209"|BEKASI|BBL|Churn APS|0|ARPU_KW2|<500K|5|0
"202209"|BEKASI|BBL|New CT0|0|ARPU_KW2|"300K s/d 500K"|57|0
"202209"|BEKASI|BBL|New CT0|0|ARPU_KW2|"500K s/d 700K"|3|0
"202209"|BEKASI|BBL|New CT0|0|ARPU_KW2|< 300K|49|0
"202209"|BEKASI|BBL|New CT0 1|0|ARPU_KW2|"300K s/d 500K"|1|0
"202209"|BEKASI|BBL|New CT0 1|0|ARPU_KW2|< 300K|2|0
"202209"|BEKASI|BEK|Churn APS|0|ARPU_KW2|"300K s/d 500K"|34|0
"202209"|BEKASI|BEK|Churn APS|0|ARPU_KW2|"500K s/d 700K"|1|0
"202209"|BEKASI|BEK|Churn APS|0|ARPU_KW2|< 300K|35|0
"202209"|BEKASI|BEK|Churn APS|0|ARPU_KW2|<10K|1|0
"202209"|BEKASI|BEK|Churn APS|0|ARPU_KW2|<150K|39|0
"202209"|BEKASI|BEK|Churn APS|0|ARPU_KW2|<250K|13|0
"202209"|BEKASI|BEK|Churn APS|0|ARPU_KW2|<500K|8|0
"202209"|BEKASI|BEK|New CT0|0|ARPU_KW2|"300K s/d 500K"|100|0
"202209"|BEKASI|BEK|New CT0|0|ARPU_KW2|"500K s/d 700K"|17|0
"202209"|BEKASI|BEK|New CT0|0|ARPU_KW2|< 300K|151|0
"202209"|BEKASI|BEK|New CT0|0|ARPU_KW2|>= 700K|4|0
"202209"|BEKASI|BEK|New CT0 1|0|ARPU_KW2|"300K s/d 500K"|2|0
"202209"|BEKASI|BEK|New CT0 1|0|ARPU_KW2|< 300K|6|0
"202209"|BEKASI|BGG|Churn APS|0|ARPU_KW2|UNKNOWN|1|0
"202209"|BEKASI|BGG|Churn APS|0|ARPU_KW2|"300K s/d 500K"|29|0
"202209"|BEKASI|BGG|Churn APS|0|ARPU_KW2|"500K s/d 700K"|4|0
"202209"|BEKASI|BGG|Churn APS|0|ARPU_KW2|< 300K|20|0
"202209"|BEKASI|BGG|Churn APS|0|ARPU_KW2|<1000K|2|0
"202209"|BEKASI|BGG|Churn APS|0|ARPU_KW2|<10K|3|0
"202209"|BEKASI|BGG|Churn APS|0|ARPU_KW2|<150K|22|0
"202209"|BEKASI|BGG|Churn APS|0|ARPU_KW2|<250K|15|0
"202209"|BEKASI|BGG|Churn APS|0|ARPU_KW2|<500K|9|0
"202209"|BEKASI|BGG|New CT0|0|ARPU_KW2|"300K s/d 500K"|143|0
"202209"|BEKASI|BGG|New CT0|0|ARPU_KW2|"500K s/d 700K"|10|0
"202209"|BEKASI|BGG|New CT0|0|ARPU_KW2|< 300K|79|0
"202209"|BEKASI|BGG|New CT0|0|ARPU_KW2|>= 700K|7|0
"202209"|BEKASI|BGG|New CT0 1|0|ARPU_KW2|"300K s/d 500K"|2|0
"202209"|BEKASI|BGG|New CT0 1|0|ARPU_KW2|< 300K|2|0
"202209"|BEKASI|CBG|New CT0|0|ARPU_KW2|"300K s/d 500K"|5|0
"202209"|BEKASI|CBG|New CT0|0|ARPU_KW2|"500K s/d 700K"|2|0
"202209"|BEKASI|CBG|New CT0|0|ARPU_KW2|< 300K|4|0
"202209"|BEKASI|CBG|New CT0 1|0|ARPU_KW2|"300K s/d 500K"|1|0
"202209"|BEKASI|CBR|Churn APS|0|ARPU_KW2|"300K s/d 500K"|5|0
"202209"|BEKASI|CBR|Churn APS|0|ARPU_KW2|< 300K|4|0
"202209"|BEKASI|CBR|Churn APS|0|ARPU_KW2|<150K|2|0
"202209"|BEKASI|CBR|Churn APS|0|ARPU_KW2|<500K|1|0
"202209"|BEKASI|CBR|New CT0|0|ARPU_KW2|"300K s/d 500K"|33|0
"202209"|BEKASI|CBR|New CT0|0|ARPU_KW2|"500K s/d 700K"|7|0
"202209"|BEKASI|CBR|New CT0|0|ARPU_KW2|< 300K|41|0
"202209"|BEKASI|CBR|New CT0|0|ARPU_KW2|>= 700K|1|0
"202209"|BEKASI|CBR|New CT0 1|0|ARPU_KW2|< 300K|4|0
"202209"|BEKASI|CIB|Churn APS|0|ARPU_KW2|"300K s/d 500K"|15|0
"202209"|BEKASI|CIB|Churn APS|0|ARPU_KW2|"500K s/d 700K"|1|0
"202209"|BEKASI|CIB|Churn APS|0|ARPU_KW2|< 300K|13|0
"202209"|BEKASI|CIB|Churn APS|0|ARPU_KW2|<10K|2|0
"202209"|BEKASI|CIB|Churn APS|0|ARPU_KW2|<150K|12|0
"202209"|BEKASI|CIB|Churn APS|0|ARPU_KW2|<250K|12|0
"202209"|BEKASI|CIB|Churn APS|0|ARPU_KW2|<500K|2|0
"202209"|BEKASI|CIB|Churn APS|0|ARPU_KW2|>= 700K|1|0
"202209"|BEKASI|CIB|New CT0|0|ARPU_KW2|"300K s/d 500K"|57|0
"202209"|BEKASI|CIB|New CT0|0|ARPU_KW2|"500K s/d 700K"|8|0
"202209"|BEKASI|CIB|New CT0|0|ARPU_KW2|< 300K|70|0
"202209"|BEKASI|CIB|New CT0|0|ARPU_KW2|>= 700K|8|0
"202209"|BEKASI|CIB|New CT0 1|0|ARPU_KW2|"300K s/d 500K"|1|0
"202209"|BEKASI|CIB|New CT0 1|0|ARPU_KW2|< 300K|2|0
"202209"|BEKASI|CIK|Churn APS|0|ARPU_KW2|UNKNOWN|1|0
"202209"|BEKASI|CIK|Churn APS|0|ARPU_KW2|"300K s/d 500K"|3|0
"202209"|BEKASI|CIK|Churn APS|0|ARPU_KW2|"500K s/d 700K"|2|0
"202209"|BEKASI|CIK|Churn APS|0|ARPU_KW2|< 300K|3|0
"202209"|BEKASI|CIK|Churn APS|0|ARPU_KW2|<10K|1|0
"202209"|BEKASI|CIK|Churn APS|0|ARPU_KW2|<150K|2|0
"202209"|BEKASI|CIK|Churn APS|0|ARPU_KW2|<250K|3|0
"202209"|BEKASI|CIK|Churn APS|0|ARPU_KW2|>= 700K|1|0
"202209"|BEKASI|CIK|New CT0|0|ARPU_KW2|"300K s/d 500K"|48|0
"202209"|BEKASI|CIK|New CT0|0|ARPU_KW2|"500K s/d 700K"|5|0
"202209"|BEKASI|CIK|New CT0|0|ARPU_KW2|< 300K|40|0
"202209"|BEKASI|CIK|New CT0 1|0|ARPU_KW2|"300K s/d 500K"|1|0
"202209"|BEKASI|CIK|New CT0 1|0|ARPU_KW2|< 300K|1|0
"202209"|BEKASI|DNI|Churn APS|0|ARPU_KW2|<500K|1|0
"202209"|BEKASI|DNI|New CT0|0|ARPU_KW2|"300K s/d 500K"|1|0
"202209"|BEKASI|EJI|Churn APS|0|ARPU_KW2|"300K s/d 500K"|3|0
"202209"|BEKASI|EJI|Churn APS|0|ARPU_KW2|< 300K|1|0
"202209"|BEKASI|EJI|Churn APS|0|ARPU_KW2|<150K|3|0
"202209"|BEKASI|EJI|Churn APS|0|ARPU_KW2|<500K|2|0
"202209"|BEKASI|EJI|New CT0|0|ARPU_KW2|"300K s/d 500K"|7|0
"202209"|BEKASI|EJI|New CT0|0|ARPU_KW2|< 300K|12|0
"202209"|BEKASI|EJI|New CT0|0|ARPU_KW2|>= 700K|1|0
"202209"|BEKASI|JBB|Churn APS|0|ARPU_KW2|"300K s/d 500K"|14|0
"202209"|BEKASI|JBB|Churn APS|0|ARPU_KW2|"500K s/d 700K"|2|0
"202209"|BEKASI|JBB|Churn APS|0|ARPU_KW2|< 300K|6|0
"202209"|BEKASI|JBB|Churn APS|0|ARPU_KW2|<10K|1|0
"202209"|BEKASI|JBB|Churn APS|0|ARPU_KW2|<150K|4|0
"202209"|BEKASI|JBB|Churn APS|0|ARPU_KW2|<250K|5|0
"202209"|BEKASI|JBB|Churn APS|0|ARPU_KW2|<500K|2|0
"202209"|BEKASI|JBB|New CT0|0|ARPU_KW2|"300K s/d 500K"|40|0
"202209"|BEKASI|JBB|New CT0|0|ARPU_KW2|"500K s/d 700K"|3|0
"202209"|BEKASI|JBB|New CT0|0|ARPU_KW2|< 300K|18|0
"202209"|BEKASI|JBB|New CT0|0|ARPU_KW2|>= 700K|1|0
"202209"|BEKASI|JBB|New CT0 1|0|ARPU_KW2|< 300K|1|0
"202209"|BEKASI|KLB|Churn APS|0|ARPU_KW2|"300K s/d 500K"|29|0
"202209"|BEKASI|KLB|Churn APS|0|ARPU_KW2|< 300K|14|0
"202209"|BEKASI|KLB|Churn APS|0|ARPU_KW2|<10K|3|0
"202209"|BEKASI|KLB|Churn APS|0|ARPU_KW2|<150K|20|0
"202209"|BEKASI|KLB|Churn APS|0|ARPU_KW2|<250K|14|0
"202209"|BEKASI|KLB|Churn APS|0|ARPU_KW2|<500K|9|0
"202209"|BEKASI|KLB|Churn APS|0|ARPU_KW2|>= 700K|1|0
"202209"|BEKASI|KLB|New CT0|0|ARPU_KW2|"300K s/d 500K"|89|0
"202209"|BEKASI|KLB|New CT0|0|ARPU_KW2|"500K s/d 700K"|3|0
"202209"|BEKASI|KLB|New CT0|0|ARPU_KW2|< 300K|104|0
"202209"|BEKASI|KLB|New CT0|0|ARPU_KW2|>= 700K|2|0
"202209"|BEKASI|KLB|New CT0 1|0|ARPU_KW2|"300K s/d 500K"|2|0
"202209"|BEKASI|KLB|New CT0 1|0|ARPU_KW2|< 300K|1|0
"202209"|BEKASI|KRA|Churn APS|0|ARPU_KW2|"300K s/d 500K"|28|0
"202209"|BEKASI|KRA|Churn APS|0|ARPU_KW2|"500K s/d 700K"|2|0
"202209"|BEKASI|KRA|Churn APS|0|ARPU_KW2|< 300K|30|0
"202209"|BEKASI|KRA|Churn APS|0|ARPU_KW2|<1000K|2|0
"202209"|BEKASI|KRA|Churn APS|0|ARPU_KW2|<10K|3|0
"202209"|BEKASI|KRA|Churn APS|0|ARPU_KW2|<150K|25|0
"202209"|BEKASI|KRA|Churn APS|0|ARPU_KW2|<250K|12|0
"202209"|BEKASI|KRA|Churn APS|0|ARPU_KW2|<500K|6|0
"202209"|BEKASI|KRA|Churn APS|0|ARPU_KW2|>= 700K|1|0
"202209"|BEKASI|KRA|New CT0|0|ARPU_KW2|UNKNOWN|1|0
"202209"|BEKASI|KRA|New CT0|0|ARPU_KW2|"300K s/d 500K"|77|0
"202209"|BEKASI|KRA|New CT0|0|ARPU_KW2|"500K s/d 700K"|9|0
"202209"|BEKASI|KRA|New CT0|0|ARPU_KW2|< 300K|98|0
"202209"|BEKASI|KRA|New CT0|0|ARPU_KW2|>= 700K|3|0
"202209"|BEKASI|KRA|New CT0 1|0|ARPU_KW2|"300K s/d 500K"|4|0
"202209"|BEKASI|KRA|New CT0 1|0|ARPU_KW2|< 300K|1|0
"202209"|BEKASI|LMA|Churn APS|0|ARPU_KW2|"300K s/d 500K"|6|0
"202209"|BEKASI|LMA|Churn APS|0|ARPU_KW2|< 300K|1|0
"202209"|BEKASI|LMA|Churn APS|0|ARPU_KW2|<150K|1|0
"202209"|BEKASI|LMA|Churn APS|0|ARPU_KW2|<250K|1|0
"202209"|BEKASI|LMA|New CT0|0|ARPU_KW2|"300K s/d 500K"|14|0
"202209"|BEKASI|LMA|New CT0|0|ARPU_KW2|"500K s/d 700K"|1|0
"202209"|BEKASI|LMA|New CT0|0|ARPU_KW2|< 300K|9|0
"202209"|BEKASI|MGB|New CT0|0|ARPU_KW2|"300K s/d 500K"|1|0
"202209"|BEKASI|MGB|New CT0|0|ARPU_KW2|< 300K|3|0
"202209"|BEKASI|PBY|Churn APS|0|ARPU_KW2|<150K|1|0
"202209"|BEKASI|PBY|New CT0|0|ARPU_KW2|"300K s/d 500K"|7|0
"202209"|BEKASI|PBY|New CT0|0|ARPU_KW2|"500K s/d 700K"|1|0
"202209"|BEKASI|PBY|New CT0|0|ARPU_KW2|< 300K|7|0
"202209"|BEKASI|PBY|New CT0 1|0|ARPU_KW2|"300K s/d 500K"|1|0
"202209"|BEKASI|PDE|Churn APS|0|ARPU_KW2|UNKNOWN|4|0
"202209"|BEKASI|PDE|Churn APS|0|ARPU_KW2|"300K s/d 500K"|40|0
"202209"|BEKASI|PDE|Churn APS|0|ARPU_KW2|"500K s/d 700K"|7|0
"202209"|BEKASI|PDE|Churn APS|0|ARPU_KW2|< 300K|26|0
"202209"|BEKASI|PDE|Churn APS|0|ARPU_KW2|<10K|9|0
"202209"|BEKASI|PDE|Churn APS|0|ARPU_KW2|<150K|38|0
"202209"|BEKASI|PDE|Churn APS|0|ARPU_KW2|<250K|14|0
"202209"|BEKASI|PDE|Churn APS|0|ARPU_KW2|<500K|11|0
"202209"|BEKASI|PDE|New CT0|0|ARPU_KW2|"300K s/d 500K"|122|0
"202209"|BEKASI|PDE|New CT0|0|ARPU_KW2|"500K s/d 700K"|16|0
"202209"|BEKASI|PDE|New CT0|0|ARPU_KW2|< 300K|219|0
"202209"|BEKASI|PDE|New CT0|0|ARPU_KW2|>= 700K|1|0
"202209"|BEKASI|PDE|New CT0 1|0|ARPU_KW2|< 300K|9|0
"202209"|BEKASI|PKY|Churn APS|0|ARPU_KW2|UNKNOWN|5|0
"202209"|BEKASI|PKY|Churn APS|0|ARPU_KW2|"300K s/d 500K"|65|0
"202209"|BEKASI|PKY|Churn APS|0|ARPU_KW2|"500K s/d 700K"|5|0
"202209"|BEKASI|PKY|Churn APS|0|ARPU_KW2|< 300K|41|0
"202209"|BEKASI|PKY|Churn APS|0|ARPU_KW2|<10K|7|0
"202209"|BEKASI|PKY|Churn APS|0|ARPU_KW2|<150K|31|0
"202209"|BEKASI|PKY|Churn APS|0|ARPU_KW2|<250K|23|0
"202209"|BEKASI|PKY|Churn APS|0|ARPU_KW2|<500K|16|0
"202209"|BEKASI|PKY|Churn APS|0|ARPU_KW2|>= 700K|2|0
"202209"|BEKASI|PKY|New CT0|0|ARPU_KW2|UNKNOWN|1|0
"202209"|BEKASI|PKY|New CT0|0|ARPU_KW2|"300K s/d 500K"|158|0
"202209"|BEKASI|PKY|New CT0|0|ARPU_KW2|"500K s/d 700K"|9|0
"202209"|BEKASI|PKY|New CT0|0|ARPU_KW2|< 300K|210|0
"202209"|BEKASI|PKY|New CT0|0|ARPU_KW2|>= 700K|3|0
"202209"|BEKASI|PKY|New CT0 1|0|ARPU_KW2|"300K s/d 500K"|1|0
"202209"|BEKASI|PKY|New CT0 1|0|ARPU_KW2|< 300K|5|0
"202209"|BEKASI|SMH|Churn APS|0|ARPU_KW2|"300K s/d 500K"|1|0
"202209"|BEKASI|SMH|Churn APS|0|ARPU_KW2|"500K s/d 700K"|1|0
"202209"|BEKASI|SMH|Churn APS|0|ARPU_KW2|< 300K|3|0
"202209"|BEKASI|SMH|Churn APS|0|ARPU_KW2|<150K|3|0
"202209"|BEKASI|SMH|Churn APS|0|ARPU_KW2|<250K|3|0
"202209"|BEKASI|SMH|New CT0|0|ARPU_KW2|"300K s/d 500K"|10|0
"202209"|BEKASI|SMH|New CT0|0|ARPU_KW2|"500K s/d 700K"|3|0
"202209"|BEKASI|SMH|New CT0|0|ARPU_KW2|< 300K|2|0
"202209"|BEKASI|SMH|New CT0 1|0|ARPU_KW2|"300K s/d 500K"|1|0
"202209"|BEKASI|STN|Churn APS|0|ARPU_KW2|"300K s/d 500K"|2|0
"202209"|BEKASI|STN|Churn APS|0|ARPU_KW2|<500K|1|0
"202209"|BEKASI|STN|New CT0|0|ARPU_KW2|"300K s/d 500K"|13|0
"202209"|BEKASI|STN|New CT0|0|ARPU_KW2|"500K s/d 700K"|1|0
"202209"|BEKASI|STN|New CT0|0|ARPU_KW2|< 300K|14|0
"202209"|BEKASI|STN|New CT0|0|ARPU_KW2|>= 700K|1|0
"202209"|BEKASI|SUE|Churn APS|0|ARPU_KW2|"300K s/d 500K"|2|0
"202209"|BEKASI|SUE|Churn APS|0|ARPU_KW2|"500K s/d 700K"|1|0
"202209"|BEKASI|SUE|Churn APS|0|ARPU_KW2|< 300K|1|0
"202209"|BEKASI|SUE|Churn APS|0|ARPU_KW2|<1000K|1|0
"202209"|BEKASI|SUE|Churn APS|0|ARPU_KW2|<150K|1|0
"202209"|BEKASI|SUE|Churn APS|0|ARPU_KW2|<250K|3|0
"202209"|BEKASI|SUE|Churn APS|0|ARPU_KW2|<500K|1|0
"202209"|BEKASI|SUE|Churn APS|0|ARPU_KW2|>1000K|1|0
"202209"|BEKASI|SUE|New CT0|0|ARPU_KW2|"300K s/d 500K"|18|0
"202209"|BEKASI|SUE|New CT0|0|ARPU_KW2|< 300K|5|0
"202209"|BEKASI|SUE|New CT0|0|ARPU_KW2|>= 700K|3|0
"202209"|BEKASI|SUE|New CT0 1|0|ARPU_KW2|< 300K|1|0
"202209"|BEKASI|TAR|Churn APS|0|ARPU_KW2|"300K s/d 500K"|7|0
"202209"|BEKASI|TAR|Churn APS|0|ARPU_KW2|< 300K|6|0
"202209"|BEKASI|TAR|Churn APS|0|ARPU_KW2|<1000K|1|0
"202209"|BEKASI|TAR|Churn APS|0|ARPU_KW2|<150K|11|0
"202209"|BEKASI|TAR|Churn APS|0|ARPU_KW2|<250K|3|0
"202209"|BEKASI|TAR|Churn APS|0|ARPU_KW2|<500K|1|0
"202209"|BEKASI|TAR|New CT0|0|ARPU_KW2|"300K s/d 500K"|43|0
"202209"|BEKASI|TAR|New CT0|0|ARPU_KW2|"500K s/d 700K"|4|0
"202209"|BEKASI|TAR|New CT0|0|ARPU_KW2|< 300K|56|0
"202209"|BEKASI|TAR|New CT0|0|ARPU_KW2|>= 700K|4|0
"202209"|BEKASI|TBL|New CT0|0|ARPU_KW2|"300K s/d 500K"|1|0
"202209"|BEKASI|TBL|New CT0|0|ARPU_KW2|"500K s/d 700K"|1|0
"202209"|BEKASI|TBL|New CT0|0|ARPU_KW2|< 300K|2|0
"202209"|BOGOR|BJD|Churn APS|0|ARPU_KW2|"300K s/d 500K"|15|0
"202209"|BOGOR|BJD|Churn APS|0|ARPU_KW2|"500K s/d 700K"|3|0
"202209"|BOGOR|BJD|Churn APS|0|ARPU_KW2|< 300K|5|0
"202209"|BOGOR|BJD|Churn APS|0|ARPU_KW2|<1000K|1|0
"202209"|BOGOR|BJD|Churn APS|0|ARPU_KW2|<10K|1|0
"202209"|BOGOR|BJD|Churn APS|0|ARPU_KW2|<150K|13|0
"202209"|BOGOR|BJD|Churn APS|0|ARPU_KW2|<250K|12|0
"202209"|BOGOR|BJD|Churn APS|0|ARPU_KW2|<500K|1|0
"202209"|BOGOR|BJD|Churn APS|0|ARPU_KW2|>= 700K|1|0
"202209"|BOGOR|BJD|New CT0|0|ARPU_KW2|"300K s/d 500K"|92|0
"202209"|BOGOR|BJD|New CT0|0|ARPU_KW2|"500K s/d 700K"|6|0
"202209"|BOGOR|BJD|New CT0|0|ARPU_KW2|< 300K|53|0
"202209"|BOGOR|BJD|New CT0|0|ARPU_KW2|>= 700K|1|0
"202209"|BOGOR|BJD|New CT0 1|0|ARPU_KW2|"300K s/d 500K"|2|0
"202209"|BOGOR|BOO|Churn APS|0|ARPU_KW2|"300K s/d 500K"|31|0
"202209"|BOGOR|BOO|Churn APS|0|ARPU_KW2|"500K s/d 700K"|5|0
"202209"|BOGOR|BOO|Churn APS|0|ARPU_KW2|< 300K|18|0
"202209"|BOGOR|BOO|Churn APS|0|ARPU_KW2|<1000K|1|0
"202209"|BOGOR|BOO|Churn APS|0|ARPU_KW2|<150K|55|0
"202209"|BOGOR|BOO|Churn APS|0|ARPU_KW2|<250K|15|0
"202209"|BOGOR|BOO|Churn APS|0|ARPU_KW2|<500K|9|0
"202209"|BOGOR|BOO|Churn APS|0|ARPU_KW2|>= 700K|1|0
"202209"|BOGOR|BOO|New CT0|0|ARPU_KW2|"300K s/d 500K"|142|0
"202209"|BOGOR|BOO|New CT0|0|ARPU_KW2|"500K s/d 700K"|8|0
"202209"|BOGOR|BOO|New CT0|0|ARPU_KW2|< 300K|70|0
"202209"|BOGOR|BOO|New CT0|0|ARPU_KW2|>= 700K|4|0
"202209"|BOGOR|BOO|New CT0 1|0|ARPU_KW2|"300K s/d 500K"|6|0
"202209"|BOGOR|BOO|New CT0 1|0|ARPU_KW2|< 300K|2|0
"202209"|BOGOR|CAU|New CT0|0|ARPU_KW2|"300K s/d 500K"|18|0
"202209"|BOGOR|CAU|New CT0|0|ARPU_KW2|"500K s/d 700K"|2|0
"202209"|BOGOR|CAU|New CT0|0|ARPU_KW2|< 300K|5|0
"202209"|BOGOR|CBI|Churn APS|0|ARPU_KW2|UNKNOWN|1|0
"202209"|BOGOR|CBI|Churn APS|0|ARPU_KW2|"300K s/d 500K"|14|0
"202209"|BOGOR|CBI|Churn APS|0|ARPU_KW2|"500K s/d 700K"|1|0
"202209"|BOGOR|CBI|Churn APS|0|ARPU_KW2|< 300K|9|0
"202209"|BOGOR|CBI|Churn APS|0|ARPU_KW2|<10K|2|0
"202209"|BOGOR|CBI|Churn APS|0|ARPU_KW2|<150K|30|0
"202209"|BOGOR|CBI|Churn APS|0|ARPU_KW2|<250K|16|0
"202209"|BOGOR|CBI|Churn APS|0|ARPU_KW2|<500K|7|0
"202209"|BOGOR|CBI|New CT0|0|ARPU_KW2|"300K s/d 500K"|130|0
"202209"|BOGOR|CBI|New CT0|0|ARPU_KW2|"500K s/d 700K"|11|0
"202209"|BOGOR|CBI|New CT0|0|ARPU_KW2|< 300K|57|0
"202209"|BOGOR|CBI|New CT0|0|ARPU_KW2|>= 700K|6|0
"202209"|BOGOR|CBI|New CT0 1|0|ARPU_KW2|"300K s/d 500K"|2|0
"202209"|BOGOR|CGD|New CT0|0|ARPU_KW2|"300K s/d 500K"|11|0
"202209"|BOGOR|CGD|New CT0|0|ARPU_KW2|< 300K|3|0
"202209"|BOGOR|CJU|Churn APS|0|ARPU_KW2|"300K s/d 500K"|1|0
"202209"|BOGOR|CJU|Churn APS|0|ARPU_KW2|< 300K|1|0
"202209"|BOGOR|CJU|Churn APS|0|ARPU_KW2|<10K|1|0
"202209"|BOGOR|CJU|Churn APS|0|ARPU_KW2|<150K|2|0
"202209"|BOGOR|CJU|Churn APS|0|ARPU_KW2|<250K|1|0
"202209"|BOGOR|CJU|Churn APS|0|ARPU_KW2|<500K|1|0
"202209"|BOGOR|CJU|New CT0|0|ARPU_KW2|"300K s/d 500K"|22|0
"202209"|BOGOR|CJU|New CT0|0|ARPU_KW2|"500K s/d 700K"|1|0
"202209"|BOGOR|CJU|New CT0|0|ARPU_KW2|< 300K|5|0
"202209"|BOGOR|CJU|New CT0 1|0|ARPU_KW2|"300K s/d 500K"|3|0
"202209"|BOGOR|CLS|Churn APS|0|ARPU_KW2|"300K s/d 500K"|14|0
"202209"|BOGOR|CLS|Churn APS|0|ARPU_KW2|< 300K|1|0
"202209"|BOGOR|CLS|Churn APS|0|ARPU_KW2|<10K|3|0
"202209"|BOGOR|CLS|Churn APS|0|ARPU_KW2|<150K|10|0
"202209"|BOGOR|CLS|Churn APS|0|ARPU_KW2|<250K|6|0
"202209"|BOGOR|CLS|Churn APS|0|ARPU_KW2|<500K|3|0
"202209"|BOGOR|CLS|New CT0|0|ARPU_KW2|"300K s/d 500K"|76|0
"202209"|BOGOR|CLS|New CT0|0|ARPU_KW2|"500K s/d 700K"|3|0
"202209"|BOGOR|CLS|New CT0|0|ARPU_KW2|< 300K|28|0
"202209"|BOGOR|CLS|New CT0|0|ARPU_KW2|>= 700K|5|0
"202209"|BOGOR|CLS|New CT0 1|0|ARPU_KW2|< 300K|1|0
"202209"|BOGOR|CNE|Churn APS|0|ARPU_KW2|"300K s/d 500K"|8|0
"202209"|BOGOR|CNE|Churn APS|0|ARPU_KW2|"500K s/d 700K"|2|0
"202209"|BOGOR|CNE|Churn APS|0|ARPU_KW2|< 300K|11|0
"202209"|BOGOR|CNE|Churn APS|0|ARPU_KW2|<1000K|1|0
"202209"|BOGOR|CNE|Churn APS|0|ARPU_KW2|<10K|2|0
"202209"|BOGOR|CNE|Churn APS|0|ARPU_KW2|<150K|8|0
"202209"|BOGOR|CNE|Churn APS|0|ARPU_KW2|<250K|1|0
"202209"|BOGOR|CNE|Churn APS|0|ARPU_KW2|<500K|1|0
"202209"|BOGOR|CNE|New CT0|0|ARPU_KW2|"300K s/d 500K"|38|0
"202209"|BOGOR|CNE|New CT0|0|ARPU_KW2|"500K s/d 700K"|3|0
"202209"|BOGOR|CNE|New CT0|0|ARPU_KW2|< 300K|25|0
"202209"|BOGOR|CNE|New CT0|0|ARPU_KW2|>= 700K|2|0
"202209"|BOGOR|CNE|New CT0 1|0|ARPU_KW2|<10K|1|0
"202209"|BOGOR|CPS|Churn APS|0|ARPU_KW2|"300K s/d 500K"|4|0
"202209"|BOGOR|CPS|Churn APS|0|ARPU_KW2|< 300K|1|0
"202209"|BOGOR|CPS|Churn APS|0|ARPU_KW2|<1000K|3|0
"202209"|BOGOR|CPS|Churn APS|0|ARPU_KW2|<10K|1|0
"202209"|BOGOR|CPS|Churn APS|0|ARPU_KW2|<150K|7|0
"202209"|BOGOR|CPS|Churn APS|0|ARPU_KW2|<250K|3|0
"202209"|BOGOR|CPS|Churn APS|0|ARPU_KW2|<500K|4|0
"202209"|BOGOR|CPS|New CT0|0|ARPU_KW2|"300K s/d 500K"|72|0
"202209"|BOGOR|CPS|New CT0|0|ARPU_KW2|"500K s/d 700K"|6|0
"202209"|BOGOR|CPS|New CT0|0|ARPU_KW2|< 300K|27|0
"202209"|BOGOR|CPS|New CT0|0|ARPU_KW2|>= 700K|1|0
"202209"|BOGOR|CPS|New CT0 1|0|ARPU_KW2|"300K s/d 500K"|1|0
"202209"|BOGOR|CRI|Churn APS|0|ARPU_KW2|"300K s/d 500K"|11|0
"202209"|BOGOR|CRI|Churn APS|0|ARPU_KW2|<500K|16|0
"202209"|BOGOR|CRI|New CT0|0|ARPU_KW2|"300K s/d 500K"|34|0
"202209"|BOGOR|CRI|New CT0|0|ARPU_KW2|"500K s/d 700K"|2|0
"202209"|BOGOR|CRI|New CT0|0|ARPU_KW2|< 300K|14|0
"202209"|BOGOR|CRI|New CT0|0|ARPU_KW2|>= 700K|2|0
"202209"|BOGOR|CSE|Churn APS|0|ARPU_KW2|< 300K|1|0
"202209"|BOGOR|CSE|Churn APS|0|ARPU_KW2|<250K|3|0
"202209"|BOGOR|CSE|New CT0|0|ARPU_KW2|"300K s/d 500K"|15|0
"202209"|BOGOR|CSE|New CT0|0|ARPU_KW2|"500K s/d 700K"|2|0
"202209"|BOGOR|CSE|New CT0|0|ARPU_KW2|< 300K|7|0
"202209"|BOGOR|CSE|New CT0 1|0|ARPU_KW2|"300K s/d 500K"|1|0
"202209"|BOGOR|CSL|Churn APS|0|ARPU_KW2|"300K s/d 500K"|10|0
"202209"|BOGOR|CSL|Churn APS|0|ARPU_KW2|< 300K|6|0
"202209"|BOGOR|CSL|Churn APS|0|ARPU_KW2|<1000K|1|0
"202209"|BOGOR|CSL|Churn APS|0|ARPU_KW2|<150K|12|0
"202209"|BOGOR|CSL|Churn APS|0|ARPU_KW2|<250K|6|0
"202209"|BOGOR|CSL|Churn APS|0|ARPU_KW2|<500K|4|0
"202209"|BOGOR|CSL|Churn APS|0|ARPU_KW2|>= 700K|1|0
"202209"|BOGOR|CSL|New CT0|0|ARPU_KW2|"300K s/d 500K"|37|0
"202209"|BOGOR|CSL|New CT0|0|ARPU_KW2|"500K s/d 700K"|1|0
"202209"|BOGOR|CSL|New CT0|0|ARPU_KW2|< 300K|14|0
"202209"|BOGOR|CSL|New CT0|0|ARPU_KW2|>= 700K|1|0
"202209"|BOGOR|CSL|New CT0 1|0|ARPU_KW2|"300K s/d 500K"|3|0
"202209"|BOGOR|CSL|New CT0 1|0|ARPU_KW2|"500K s/d 700K"|1|0
"202209"|BOGOR|CSL|New CT0 1|0|ARPU_KW2|< 300K|1|0
"202209"|BOGOR|CSN|Churn APS|0|ARPU_KW2|"300K s/d 500K"|4|0
"202209"|BOGOR|CSN|Churn APS|0|ARPU_KW2|< 300K|3|0
"202209"|BOGOR|CSN|Churn APS|0|ARPU_KW2|<10K|1|0
"202209"|BOGOR|CSN|Churn APS|0|ARPU_KW2|<150K|8|0
"202209"|BOGOR|CSN|Churn APS|0|ARPU_KW2|<250K|2|0
"202209"|BOGOR|CSN|Churn APS|0|ARPU_KW2|<500K|4|0
"202209"|BOGOR|CSN|New CT0|0|ARPU_KW2|"300K s/d 500K"|18|0
"202209"|BOGOR|CSN|New CT0|0|ARPU_KW2|"500K s/d 700K"|5|0
"202209"|BOGOR|CSN|New CT0|0|ARPU_KW2|< 300K|10|0
"202209"|BOGOR|CSN|New CT0|0|ARPU_KW2|>= 700K|1|0
"202209"|BOGOR|CSR|Churn APS|0|ARPU_KW2|"300K s/d 500K"|2|0
"202209"|BOGOR|CSR|Churn APS|0|ARPU_KW2|"500K s/d 700K"|2|0
"202209"|BOGOR|CSR|Churn APS|0|ARPU_KW2|< 300K|1|0
"202209"|BOGOR|CSR|Churn APS|0|ARPU_KW2|<150K|3|0
"202209"|BOGOR|CSR|Churn APS|0|ARPU_KW2|<250K|1|0
"202209"|BOGOR|CSR|Churn APS|0|ARPU_KW2|<500K|2|0
"202209"|BOGOR|CSR|New CT0|0|ARPU_KW2|"300K s/d 500K"|34|0
"202209"|BOGOR|CSR|New CT0|0|ARPU_KW2|"500K s/d 700K"|5|0
"202209"|BOGOR|CSR|New CT0|0|ARPU_KW2|< 300K|19|0
"202209"|BOGOR|CTR|Churn APS|0|ARPU_KW2|"300K s/d 500K"|6|0
"202209"|BOGOR|CTR|Churn APS|0|ARPU_KW2|"500K s/d 700K"|1|0
"202209"|BOGOR|CTR|Churn APS|0|ARPU_KW2|< 300K|2|0
"202209"|BOGOR|CTR|Churn APS|0|ARPU_KW2|<1000K|1|0
"202209"|BOGOR|CTR|Churn APS|0|ARPU_KW2|<150K|1|0
"202209"|BOGOR|CTR|Churn APS|0|ARPU_KW2|<250K|2|0
"202209"|BOGOR|CTR|Churn APS|0|ARPU_KW2|<500K|1|0
"202209"|BOGOR|CTR|New CT0|0|ARPU_KW2|"300K s/d 500K"|20|0
"202209"|BOGOR|CTR|New CT0|0|ARPU_KW2|< 300K|10|0
"202209"|BOGOR|CWI|Churn APS|0|ARPU_KW2|"300K s/d 500K"|5|0
"202209"|BOGOR|CWI|Churn APS|0|ARPU_KW2|"500K s/d 700K"|1|0
"202209"|BOGOR|CWI|Churn APS|0|ARPU_KW2|<10K|1|0
"202209"|BOGOR|CWI|Churn APS|0|ARPU_KW2|<150K|2|0
"202209"|BOGOR|CWI|Churn APS|0|ARPU_KW2|<250K|1|0
"202209"|BOGOR|CWI|New CT0|0|ARPU_KW2|"300K s/d 500K"|39|0
"202209"|BOGOR|CWI|New CT0|0|ARPU_KW2|"500K s/d 700K"|3|0
"202209"|BOGOR|CWI|New CT0|0|ARPU_KW2|< 300K|22|0
"202209"|BOGOR|CWI|New CT0|0|ARPU_KW2|>= 700K|3|0
"202209"|BOGOR|DEP|Churn APS|0|ARPU_KW2|"300K s/d 500K"|50|0
"202209"|BOGOR|DEP|Churn APS|0|ARPU_KW2|"500K s/d 700K"|2|0
"202209"|BOGOR|DEP|Churn APS|0|ARPU_KW2|< 300K|26|0
"202209"|BOGOR|DEP|Churn APS|0|ARPU_KW2|<10K|3|0
"202209"|BOGOR|DEP|Churn APS|0|ARPU_KW2|<150K|55|0
"202209"|BOGOR|DEP|Churn APS|0|ARPU_KW2|<250K|20|0
"202209"|BOGOR|DEP|Churn APS|0|ARPU_KW2|<500K|9|0
"202209"|BOGOR|DEP|Churn APS|0|ARPU_KW2|>= 700K|1|0
"202209"|BOGOR|DEP|New CT0|0|ARPU_KW2|"300K s/d 500K"|235|0
"202209"|BOGOR|DEP|New CT0|0|ARPU_KW2|"500K s/d 700K"|9|0
"202209"|BOGOR|DEP|New CT0|0|ARPU_KW2|< 300K|196|0
"202209"|BOGOR|DEP|New CT0|0|ARPU_KW2|>= 700K|1|0
"202209"|BOGOR|DEP|New CT0 1|0|ARPU_KW2|"300K s/d 500K"|6|0
"202209"|BOGOR|DEP|New CT0 1|0|ARPU_KW2|< 300K|5|0
"202209"|BOGOR|DMG|Churn APS|0|ARPU_KW2|"300K s/d 500K"|12|0
"202209"|BOGOR|DMG|Churn APS|0|ARPU_KW2|"500K s/d 700K"|1|0
"202209"|BOGOR|DMG|Churn APS|0|ARPU_KW2|< 300K|4|0
"202209"|BOGOR|DMG|Churn APS|0|ARPU_KW2|<150K|14|0
"202209"|BOGOR|DMG|Churn APS|0|ARPU_KW2|<250K|5|0
"202209"|BOGOR|DMG|Churn APS|0|ARPU_KW2|<500K|3|0
"202209"|BOGOR|DMG|New CT0|0|ARPU_KW2|"300K s/d 500K"|80|0
"202209"|BOGOR|DMG|New CT0|0|ARPU_KW2|"500K s/d 700K"|2|0
"202209"|BOGOR|DMG|New CT0|0|ARPU_KW2|< 300K|49|0
"202209"|BOGOR|DMG|New CT0|0|ARPU_KW2|>= 700K|1|0
"202209"|BOGOR|DMG|New CT0 1|0|ARPU_KW2|"300K s/d 500K"|1|0
"202209"|BOGOR|GPI|Churn APS|0|ARPU_KW2|"300K s/d 500K"|4|0
"202209"|BOGOR|GPI|Churn APS|0|ARPU_KW2|< 300K|5|0
"202209"|BOGOR|GPI|Churn APS|0|ARPU_KW2|<150K|3|0
"202209"|BOGOR|GPI|Churn APS|0|ARPU_KW2|<250K|1|0
"202209"|BOGOR|GPI|Churn APS|0|ARPU_KW2|<500K|1|0
"202209"|BOGOR|GPI|New CT0|0|ARPU_KW2|"300K s/d 500K"|38|0
"202209"|BOGOR|GPI|New CT0|0|ARPU_KW2|"500K s/d 700K"|1|0
"202209"|BOGOR|GPI|New CT0|0|ARPU_KW2|< 300K|21|0
"202209"|BOGOR|GPI|New CT0 1|0|ARPU_KW2|"300K s/d 500K"|1|0
"202209"|BOGOR|GPI|New CT0 1|0|ARPU_KW2|< 300K|1|0
"202209"|BOGOR|JGL|Churn APS|0|ARPU_KW2|"300K s/d 500K"|4|0
"202209"|BOGOR|JGL|Churn APS|0|ARPU_KW2|<150K|3|0
"202209"|BOGOR|JGL|Churn APS|0|ARPU_KW2|<250K|2|0
"202209"|BOGOR|JGL|Churn APS|0|ARPU_KW2|<500K|1|0
"202209"|BOGOR|JGL|New CT0|0|ARPU_KW2|"300K s/d 500K"|27|0
"202209"|BOGOR|JGL|New CT0|0|ARPU_KW2|"500K s/d 700K"|4|0
"202209"|BOGOR|JGL|New CT0|0|ARPU_KW2|< 300K|16|0
"202209"|BOGOR|JGL|New CT0 1|0|ARPU_KW2|"300K s/d 500K"|2|0
"202209"|BOGOR|JSA|Churn APS|0|ARPU_KW2|"300K s/d 500K"|1|0
"202209"|BOGOR|JSA|New CT0|0|ARPU_KW2|"300K s/d 500K"|8|0
"202209"|BOGOR|JSA|New CT0|0|ARPU_KW2|"500K s/d 700K"|1|0
"202209"|BOGOR|JSA|New CT0|0|ARPU_KW2|< 300K|3|0
"202209"|BOGOR|KHL|Churn APS|0|ARPU_KW2|"300K s/d 500K"|5|0
"202209"|BOGOR|KHL|Churn APS|0|ARPU_KW2|"500K s/d 700K"|1|0
"202209"|BOGOR|KHL|Churn APS|0|ARPU_KW2|< 300K|4|0
"202209"|BOGOR|KHL|Churn APS|0|ARPU_KW2|<10K|1|0
"202209"|BOGOR|KHL|Churn APS|0|ARPU_KW2|<150K|12|0
"202209"|BOGOR|KHL|Churn APS|0|ARPU_KW2|<250K|12|0
"202209"|BOGOR|KHL|Churn APS|0|ARPU_KW2|<500K|1|0
"202209"|BOGOR|KHL|New CT0|0|ARPU_KW2|"300K s/d 500K"|70|0
"202209"|BOGOR|KHL|New CT0|0|ARPU_KW2|"500K s/d 700K"|2|0
"202209"|BOGOR|KHL|New CT0|0|ARPU_KW2|< 300K|45|0
"202209"|BOGOR|KHL|New CT0|0|ARPU_KW2|>= 700K|1|0
"202209"|BOGOR|KHL|New CT0 1|0|ARPU_KW2|"300K s/d 500K"|3|0
"202209"|BOGOR|KHL|New CT0 1|0|ARPU_KW2|"500K s/d 700K"|1|0
"202209"|BOGOR|LBI|New CT0|0|ARPU_KW2|"300K s/d 500K"|6|0
"202209"|BOGOR|LBI|New CT0|0|ARPU_KW2|"500K s/d 700K"|1|0
"202209"|BOGOR|LBI|New CT0|0|ARPU_KW2|< 300K|1|0
"202209"|BOGOR|LWL|Churn APS|0|ARPU_KW2|"300K s/d 500K"|7|0
"202209"|BOGOR|LWL|Churn APS|0|ARPU_KW2|< 300K|1|0
"202209"|BOGOR|LWL|Churn APS|0|ARPU_KW2|<150K|2|0
"202209"|BOGOR|LWL|Churn APS|0|ARPU_KW2|<250K|3|0
"202209"|BOGOR|LWL|Churn APS|0|ARPU_KW2|<500K|1|0
"202209"|BOGOR|LWL|Churn APS|0|ARPU_KW2|>1000K|1|0
"202209"|BOGOR|LWL|New CT0|0|ARPU_KW2|"300K s/d 500K"|47|0
"202209"|BOGOR|LWL|New CT0|0|ARPU_KW2|"500K s/d 700K"|10|0
"202209"|BOGOR|LWL|New CT0|0|ARPU_KW2|< 300K|13|0
"202209"|BOGOR|LWL|New CT0|0|ARPU_KW2|>= 700K|6|0
"202209"|BOGOR|LWL|New CT0 1|0|ARPU_KW2|"300K s/d 500K"|5|0
"202209"|BOGOR|LWL|New CT0 1|0|ARPU_KW2|"500K s/d 700K"|1|0
"202209"|BOGOR|PAG|Churn APS|0|ARPU_KW2|"300K s/d 500K"|5|0
"202209"|BOGOR|PAG|Churn APS|0|ARPU_KW2|< 300K|3|0
"202209"|BOGOR|PAG|Churn APS|0|ARPU_KW2|<150K|9|0
"202209"|BOGOR|PAG|Churn APS|0|ARPU_KW2|<250K|3|0
"202209"|BOGOR|PAG|Churn APS|0|ARPU_KW2|<500K|1|0
"202209"|BOGOR|PAG|New CT0|0|ARPU_KW2|"300K s/d 500K"|52|0
"202209"|BOGOR|PAG|New CT0|0|ARPU_KW2|< 300K|23|0
"202209"|BOGOR|PAG|New CT0 1|0|ARPU_KW2|"300K s/d 500K"|5|0
"202209"|BOGOR|PAR|Churn APS|0|ARPU_KW2|"300K s/d 500K"|20|0
"202209"|BOGOR|PAR|Churn APS|0|ARPU_KW2|"500K s/d 700K"|1|0
"202209"|BOGOR|PAR|Churn APS|0|ARPU_KW2|< 300K|2|0
"202209"|BOGOR|PAR|Churn APS|0|ARPU_KW2|<150K|10|0
"202209"|BOGOR|PAR|Churn APS|0|ARPU_KW2|<250K|5|0
"202209"|BOGOR|PAR|Churn APS|0|ARPU_KW2|>= 700K|2|0
"202209"|BOGOR|PAR|New CT0|0|ARPU_KW2|"300K s/d 500K"|63|0
"202209"|BOGOR|PAR|New CT0|0|ARPU_KW2|"500K s/d 700K"|3|0
"202209"|BOGOR|PAR|New CT0|0|ARPU_KW2|< 300K|27|0
"202209"|BOGOR|PAR|New CT0|0|ARPU_KW2|>= 700K|1|0
"202209"|BOGOR|PAR|New CT0 1|0|ARPU_KW2|< 300K|1|0
"202209"|BOGOR|PCM|Churn APS|0|ARPU_KW2|"300K s/d 500K"|15|0
"202209"|BOGOR|PCM|Churn APS|0|ARPU_KW2|< 300K|3|0
"202209"|BOGOR|PCM|Churn APS|0|ARPU_KW2|<150K|8|0
"202209"|BOGOR|PCM|Churn APS|0|ARPU_KW2|<250K|5|0
"202209"|BOGOR|PCM|Churn APS|0|ARPU_KW2|<500K|1|0
"202209"|BOGOR|PCM|New CT0|0|ARPU_KW2|"300K s/d 500K"|67|0
"202209"|BOGOR|PCM|New CT0|0|ARPU_KW2|"500K s/d 700K"|6|0
"202209"|BOGOR|PCM|New CT0|0|ARPU_KW2|< 300K|29|0
"202209"|BOGOR|PMU|Churn APS|0|ARPU_KW2|"300K s/d 500K"|9|0
"202209"|BOGOR|PMU|Churn APS|0|ARPU_KW2|< 300K|2|0
"202209"|BOGOR|PMU|Churn APS|0|ARPU_KW2|<150K|2|0
"202209"|BOGOR|PMU|Churn APS|0|ARPU_KW2|<250K|2|0
"202209"|BOGOR|PMU|Churn APS|0|ARPU_KW2|<500K|1|0
"202209"|BOGOR|PMU|New CT0|0|ARPU_KW2|"300K s/d 500K"|17|0
"202209"|BOGOR|PMU|New CT0|0|ARPU_KW2|"500K s/d 700K"|1|0
"202209"|BOGOR|PMU|New CT0|0|ARPU_KW2|< 300K|8|0
"202209"|BOGOR|PMU|New CT0 1|0|ARPU_KW2|"300K s/d 500K"|1|0
"202209"|BOGOR|SKJ|Churn APS|0|ARPU_KW2|"300K s/d 500K"|36|0
"202209"|BOGOR|SKJ|Churn APS|0|ARPU_KW2|"500K s/d 700K"|3|0
"202209"|BOGOR|SKJ|Churn APS|0|ARPU_KW2|< 300K|9|0
"202209"|BOGOR|SKJ|Churn APS|0|ARPU_KW2|<1000K|1|0
"202209"|BOGOR|SKJ|Churn APS|0|ARPU_KW2|<10K|3|0
"202209"|BOGOR|SKJ|Churn APS|0|ARPU_KW2|<150K|34|0
"202209"|BOGOR|SKJ|Churn APS|0|ARPU_KW2|<250K|13|0
"202209"|BOGOR|SKJ|Churn APS|0|ARPU_KW2|<500K|5|0
"202209"|BOGOR|SKJ|Churn APS|0|ARPU_KW2|>= 700K|1|0
"202209"|BOGOR|SKJ|New CT0|0|ARPU_KW2|"300K s/d 500K"|135|0
"202209"|BOGOR|SKJ|New CT0|0|ARPU_KW2|"500K s/d 700K"|12|0
"202209"|BOGOR|SKJ|New CT0|0|ARPU_KW2|< 300K|59|0
"202209"|BOGOR|SKJ|New CT0|0|ARPU_KW2|>= 700K|2|0
"202209"|BOGOR|SKJ|New CT0 1|0|ARPU_KW2|< 300K|1|0
"202209"|BOGOR|SPL|Churn APS|0|ARPU_KW2|"300K s/d 500K"|22|0
"202209"|BOGOR|SPL|Churn APS|0|ARPU_KW2|< 300K|5|0
"202209"|BOGOR|SPL|Churn APS|0|ARPU_KW2|<10K|1|0
"202209"|BOGOR|SPL|Churn APS|0|ARPU_KW2|<150K|23|0
"202209"|BOGOR|SPL|Churn APS|0|ARPU_KW2|<250K|5|0
"202209"|BOGOR|SPL|Churn APS|0|ARPU_KW2|<500K|5|0
"202209"|BOGOR|SPL|Churn APS|0|ARPU_KW2|>1000K|1|0
"202209"|BOGOR|SPL|New CT0|0|ARPU_KW2|"300K s/d 500K"|108|0
"202209"|BOGOR|SPL|New CT0|0|ARPU_KW2|"500K s/d 700K"|7|0
"202209"|BOGOR|SPL|New CT0|0|ARPU_KW2|< 300K|55|0
"202209"|BOGOR|SPL|New CT0|0|ARPU_KW2|>= 700K|2|0
"202209"|BOGOR|SPL|New CT0 1|0|ARPU_KW2|"300K s/d 500K"|4|0
"202209"|BOGOR|SPL|New CT0 1|0|ARPU_KW2|< 300K|2|0
"202209"|BOGOR|STL|Churn APS|0|ARPU_KW2|"300K s/d 500K"|2|0
"202209"|BOGOR|STL|Churn APS|0|ARPU_KW2|"500K s/d 700K"|1|0
"202209"|BOGOR|STL|Churn APS|0|ARPU_KW2|<250K|2|0
"202209"|BOGOR|STL|New CT0|0|ARPU_KW2|"300K s/d 500K"|10|0
"202209"|BOGOR|STL|New CT0|0|ARPU_KW2|"500K s/d 700K"|1|0
"202209"|BOGOR|STL|New CT0|0|ARPU_KW2|< 300K|10|0
"202209"|BOGOR|STL|New CT0|0|ARPU_KW2|>= 700K|4|0
"202209"|BOGOR|TJH|Churn APS|0|ARPU_KW2|"300K s/d 500K"|6|0
"202209"|BOGOR|TJH|Churn APS|0|ARPU_KW2|< 300K|2|0
"202209"|BOGOR|TJH|Churn APS|0|ARPU_KW2|<150K|6|0
"202209"|BOGOR|TJH|Churn APS|0|ARPU_KW2|<250K|5|0
"202209"|BOGOR|TJH|Churn APS|0|ARPU_KW2|<500K|1|0
"202209"|BOGOR|TJH|New CT0|0|ARPU_KW2|"300K s/d 500K"|28|0
"202209"|BOGOR|TJH|New CT0|0|ARPU_KW2|< 300K|18|0
"202209"|JAKBAR|CKG|Churn APS|0|ARPU_KW2|"300K s/d 500K"|64|0
"202209"|JAKBAR|CKG|Churn APS|0|ARPU_KW2|"500K s/d 700K"|14|0
"202209"|JAKBAR|CKG|Churn APS|0|ARPU_KW2|< 300K|21|0
"202209"|JAKBAR|CKG|Churn APS|0|ARPU_KW2|<1000K|6|0
"202209"|JAKBAR|CKG|Churn APS|0|ARPU_KW2|<10K|6|0
"202209"|JAKBAR|CKG|Churn APS|0|ARPU_KW2|<150K|50|0
"202209"|JAKBAR|CKG|Churn APS|0|ARPU_KW2|<250K|32|0
"202209"|JAKBAR|CKG|Churn APS|0|ARPU_KW2|<500K|28|0
"202209"|JAKBAR|CKG|Churn APS|0|ARPU_KW2|>1000K|1|0
"202209"|JAKBAR|CKG|Churn APS|0|ARPU_KW2|>= 700K|15|0
"202209"|JAKBAR|CKG|New CT0|0|ARPU_KW2|UNKNOWN|1|0
"202209"|JAKBAR|CKG|New CT0|0|ARPU_KW2|"300K s/d 500K"|204|0
"202209"|JAKBAR|CKG|New CT0|0|ARPU_KW2|"500K s/d 700K"|24|0
"202209"|JAKBAR|CKG|New CT0|0|ARPU_KW2|< 300K|117|0
"202209"|JAKBAR|CKG|New CT0|0|ARPU_KW2|<150K|1|0
"202209"|JAKBAR|CKG|New CT0|0|ARPU_KW2|>= 700K|32|0
"202209"|JAKBAR|CKG|New CT0 1|0|ARPU_KW2|< 300K|1|0
"202209"|JAKBAR|JIA|Churn APS|0|ARPU_KW2|<150K|1|0
"202209"|JAKBAR|KDY|Churn APS|0|ARPU_KW2|"300K s/d 500K"|23|0
"202209"|JAKBAR|KDY|Churn APS|0|ARPU_KW2|"500K s/d 700K"|1|0
"202209"|JAKBAR|KDY|Churn APS|0|ARPU_KW2|< 300K|8|0
"202209"|JAKBAR|KDY|Churn APS|0|ARPU_KW2|<10K|2|0
"202209"|JAKBAR|KDY|Churn APS|0|ARPU_KW2|<150K|11|0
"202209"|JAKBAR|KDY|Churn APS|0|ARPU_KW2|<250K|8|0
"202209"|JAKBAR|KDY|Churn APS|0|ARPU_KW2|<500K|3|0
"202209"|JAKBAR|KDY|New CT0|0|ARPU_KW2|"300K s/d 500K"|70|0
"202209"|JAKBAR|KDY|New CT0|0|ARPU_KW2|"500K s/d 700K"|1|0
"202209"|JAKBAR|KDY|New CT0|0|ARPU_KW2|< 300K|58|0
"202209"|JAKBAR|KDY|New CT0|0|ARPU_KW2|>= 700K|2|0
"202209"|JAKBAR|KPK|Churn APS|0|ARPU_KW2|"300K s/d 500K"|2|0
"202209"|JAKBAR|KPK|Churn APS|0|ARPU_KW2|"500K s/d 700K"|2|0
"202209"|JAKBAR|KPK|Churn APS|0|ARPU_KW2|< 300K|2|0
"202209"|JAKBAR|KPK|Churn APS|0|ARPU_KW2|<1000K|6|0
"202209"|JAKBAR|KPK|Churn APS|0|ARPU_KW2|<10K|1|0
"202209"|JAKBAR|KPK|Churn APS|0|ARPU_KW2|<150K|6|0
"202209"|JAKBAR|KPK|Churn APS|0|ARPU_KW2|<250K|1|0
"202209"|JAKBAR|KPK|Churn APS|0|ARPU_KW2|<500K|4|0
"202209"|JAKBAR|KPK|Churn APS|0|ARPU_KW2|>= 700K|5|0
"202209"|JAKBAR|KPK|New CT0|0|ARPU_KW2|"300K s/d 500K"|6|0
"202209"|JAKBAR|KPK|New CT0|0|ARPU_KW2|< 300K|13|0
"202209"|JAKBAR|KPK|New CT0|0|ARPU_KW2|>= 700K|7|0
"202209"|JAKBAR|KSB|Churn APS|0|ARPU_KW2|"300K s/d 500K"|1|0
"202209"|JAKBAR|KSB|Churn APS|0|ARPU_KW2|< 300K|1|0
"202209"|JAKBAR|KSB|Churn APS|0|ARPU_KW2|<150K|3|0
"202209"|JAKBAR|KSB|Churn APS|0|ARPU_KW2|<250K|1|0
"202209"|JAKBAR|KSB|Churn APS|0|ARPU_KW2|<500K|2|0
"202209"|JAKBAR|KSB|New CT0|0|ARPU_KW2|"300K s/d 500K"|21|0
"202209"|JAKBAR|KSB|New CT0|0|ARPU_KW2|< 300K|15|0
"202209"|JAKBAR|MRY|Churn APS|0|ARPU_KW2|"300K s/d 500K"|22|0
"202209"|JAKBAR|MRY|Churn APS|0|ARPU_KW2|< 300K|15|0
"202209"|JAKBAR|MRY|Churn APS|0|ARPU_KW2|<1000K|2|0
"202209"|JAKBAR|MRY|Churn APS|0|ARPU_KW2|<10K|2|0
"202209"|JAKBAR|MRY|Churn APS|0|ARPU_KW2|<150K|14|0
"202209"|JAKBAR|MRY|Churn APS|0|ARPU_KW2|<250K|8|0
"202209"|JAKBAR|MRY|Churn APS|0|ARPU_KW2|<500K|6|0
"202209"|JAKBAR|MRY|Churn APS|0|ARPU_KW2|>1000K|1|0
"202209"|JAKBAR|MRY|Churn APS|0|ARPU_KW2|>= 700K|1|0
"202209"|JAKBAR|MRY|New CT0|0|ARPU_KW2|"300K s/d 500K"|96|0
"202209"|JAKBAR|MRY|New CT0|0|ARPU_KW2|"500K s/d 700K"|9|0
"202209"|JAKBAR|MRY|New CT0|0|ARPU_KW2|< 300K|82|0
"202209"|JAKBAR|MRY|New CT0|0|ARPU_KW2|>= 700K|3|0
"202209"|JAKBAR|PLM|Churn APS|0|ARPU_KW2|UNKNOWN|1|0
"202209"|JAKBAR|PLM|Churn APS|0|ARPU_KW2|"300K s/d 500K"|24|0
"202209"|JAKBAR|PLM|Churn APS|0|ARPU_KW2|"500K s/d 700K"|3|0
"202209"|JAKBAR|PLM|Churn APS|0|ARPU_KW2|< 300K|18|0
"202209"|JAKBAR|PLM|Churn APS|0|ARPU_KW2|<10K|3|0
"202209"|JAKBAR|PLM|Churn APS|0|ARPU_KW2|<150K|24|0
"202209"|JAKBAR|PLM|Churn APS|0|ARPU_KW2|<250K|19|0
"202209"|JAKBAR|PLM|Churn APS|0|ARPU_KW2|<500K|5|0
"202209"|JAKBAR|PLM|Churn APS|0|ARPU_KW2|>= 700K|1|0
"202209"|JAKBAR|PLM|New CT0|0|ARPU_KW2|UNKNOWN|1|0
"202209"|JAKBAR|PLM|New CT0|0|ARPU_KW2|"300K s/d 500K"|107|0
"202209"|JAKBAR|PLM|New CT0|0|ARPU_KW2|"500K s/d 700K"|9|0
"202209"|JAKBAR|PLM|New CT0|0|ARPU_KW2|< 300K|124|0
"202209"|JAKBAR|PLM|New CT0|0|ARPU_KW2|>= 700K|4|0
"202209"|JAKBAR|PLM|New CT0 1|0|ARPU_KW2|< 300K|1|0
"202209"|JAKBAR|SDM|Churn APS|0|ARPU_KW2|<150K|1|0
"202209"|JAKBAR|SDM|Churn APS|0|ARPU_KW2|<500K|1|0
"202209"|JAKBAR|SDM|New CT0|0|ARPU_KW2|< 300K|3|0
"202209"|JAKBAR|SLP|Churn APS|0|ARPU_KW2|UNKNOWN|1|0
"202209"|JAKBAR|SLP|Churn APS|0|ARPU_KW2|"300K s/d 500K"|21|0
"202209"|JAKBAR|SLP|Churn APS|0|ARPU_KW2|"500K s/d 700K"|6|0
"202209"|JAKBAR|SLP|Churn APS|0|ARPU_KW2|< 300K|13|0
"202209"|JAKBAR|SLP|Churn APS|0|ARPU_KW2|<1000K|2|0
"202209"|JAKBAR|SLP|Churn APS|0|ARPU_KW2|<10K|4|0
"202209"|JAKBAR|SLP|Churn APS|0|ARPU_KW2|<150K|23|0
"202209"|JAKBAR|SLP|Churn APS|0|ARPU_KW2|<250K|9|0
"202209"|JAKBAR|SLP|Churn APS|0|ARPU_KW2|<500K|8|0
"202209"|JAKBAR|SLP|Churn APS|0|ARPU_KW2|>1000K|2|0
"202209"|JAKBAR|SLP|Churn APS|0|ARPU_KW2|>= 700K|1|0
"202209"|JAKBAR|SLP|New CT0|0|ARPU_KW2|"300K s/d 500K"|73|0
"202209"|JAKBAR|SLP|New CT0|0|ARPU_KW2|"500K s/d 700K"|8|0
"202209"|JAKBAR|SLP|New CT0|0|ARPU_KW2|< 300K|66|0
"202209"|JAKBAR|SLP|New CT0|0|ARPU_KW2|>= 700K|7|0
"202209"|JAKBAR|SMI|Churn APS|0|ARPU_KW2|UNKNOWN|1|0
"202209"|JAKBAR|SMI|Churn APS|0|ARPU_KW2|"300K s/d 500K"|10|0
"202209"|JAKBAR|SMI|Churn APS|0|ARPU_KW2|"500K s/d 700K"|3|0
"202209"|JAKBAR|SMI|Churn APS|0|ARPU_KW2|< 300K|7|0
"202209"|JAKBAR|SMI|Churn APS|0|ARPU_KW2|<1000K|3|0
"202209"|JAKBAR|SMI|Churn APS|0|ARPU_KW2|<10K|1|0
"202209"|JAKBAR|SMI|Churn APS|0|ARPU_KW2|<150K|7|0
"202209"|JAKBAR|SMI|Churn APS|0|ARPU_KW2|<250K|8|0
"202209"|JAKBAR|SMI|Churn APS|0|ARPU_KW2|<500K|3|0
"202209"|JAKBAR|SMI|Churn APS|0|ARPU_KW2|>= 700K|2|0
"202209"|JAKBAR|SMI|New CT0|0|ARPU_KW2|UNKNOWN|1|0
"202209"|JAKBAR|SMI|New CT0|0|ARPU_KW2|"300K s/d 500K"|23|0
"202209"|JAKBAR|SMI|New CT0|0|ARPU_KW2|"500K s/d 700K"|3|0
"202209"|JAKBAR|SMI|New CT0|0|ARPU_KW2|< 300K|17|0
"202209"|JAKBAR|SMI|New CT0|0|ARPU_KW2|>= 700K|3|0
"202209"|JAKBAR|SMI|New CT0 1|0|ARPU_KW2|>= 700K|1|0
"202209"|JAKBAR|TGA|Churn APS|0|ARPU_KW2|"300K s/d 500K"|8|0
"202209"|JAKBAR|TGA|Churn APS|0|ARPU_KW2|"500K s/d 700K"|6|0
"202209"|JAKBAR|TGA|Churn APS|0|ARPU_KW2|< 300K|10|0
"202209"|JAKBAR|TGA|Churn APS|0|ARPU_KW2|<1000K|1|0
"202209"|JAKBAR|TGA|Churn APS|0|ARPU_KW2|<10K|3|0
"202209"|JAKBAR|TGA|Churn APS|0|ARPU_KW2|<150K|12|0
"202209"|JAKBAR|TGA|Churn APS|0|ARPU_KW2|<250K|10|0
"202209"|JAKBAR|TGA|Churn APS|0|ARPU_KW2|<500K|5|0
"202209"|JAKBAR|TGA|Churn APS|0|ARPU_KW2|>= 700K|5|0
"202209"|JAKBAR|TGA|New CT0|0|ARPU_KW2|"300K s/d 500K"|52|0
"202209"|JAKBAR|TGA|New CT0|0|ARPU_KW2|"500K s/d 700K"|10|0
"202209"|JAKBAR|TGA|New CT0|0|ARPU_KW2|< 300K|44|0
"202209"|JAKBAR|TGA|New CT0|0|ARPU_KW2|>= 700K|10|0
"202209"|JAKPUS|CID|Churn APS|0|ARPU_KW2|"300K s/d 500K"|22|0
"202209"|JAKPUS|CID|Churn APS|0|ARPU_KW2|"500K s/d 700K"|3|0
"202209"|JAKPUS|CID|Churn APS|0|ARPU_KW2|< 300K|11|0
"202209"|JAKPUS|CID|Churn APS|0|ARPU_KW2|<10K|4|0
"202209"|JAKPUS|CID|Churn APS|0|ARPU_KW2|<150K|20|0
"202209"|JAKPUS|CID|Churn APS|0|ARPU_KW2|<250K|25|0
"202209"|JAKPUS|CID|Churn APS|0|ARPU_KW2|<500K|12|0
"202209"|JAKPUS|CID|Churn APS|0|ARPU_KW2|>= 700K|1|0
"202209"|JAKPUS|CID|New CT0|0|ARPU_KW2|"300K s/d 500K"|115|0
"202209"|JAKPUS|CID|New CT0|0|ARPU_KW2|"500K s/d 700K"|6|0
"202209"|JAKPUS|CID|New CT0|0|ARPU_KW2|< 300K|137|0
"202209"|JAKPUS|CID|New CT0|0|ARPU_KW2|>= 700K|2|0
"202209"|JAKPUS|CID|New CT0 1|0|ARPU_KW2|< 300K|2|0
"202209"|JAKPUS|CPP|Churn APS|0|ARPU_KW2|UNKNOWN|1|0
"202209"|JAKPUS|CPP|Churn APS|0|ARPU_KW2|"300K s/d 500K"|29|0
"202209"|JAKPUS|CPP|Churn APS|0|ARPU_KW2|"500K s/d 700K"|3|0
"202209"|JAKPUS|CPP|Churn APS|0|ARPU_KW2|< 300K|31|0
"202209"|JAKPUS|CPP|Churn APS|0|ARPU_KW2|<1000K|3|0
"202209"|JAKPUS|CPP|Churn APS|0|ARPU_KW2|<10K|2|0
"202209"|JAKPUS|CPP|Churn APS|0|ARPU_KW2|<150K|26|0
"202209"|JAKPUS|CPP|Churn APS|0|ARPU_KW2|<250K|18|0
"202209"|JAKPUS|CPP|Churn APS|0|ARPU_KW2|<500K|9|0
"202209"|JAKPUS|CPP|Churn APS|0|ARPU_KW2|>= 700K|1|0
"202209"|JAKPUS|CPP|New CT0|0|ARPU_KW2|UNKNOWN|3|0
"202209"|JAKPUS|CPP|New CT0|0|ARPU_KW2|"300K s/d 500K"|134|0
"202209"|JAKPUS|CPP|New CT0|0|ARPU_KW2|"500K s/d 700K"|5|0
"202209"|JAKPUS|CPP|New CT0|0|ARPU_KW2|< 300K|173|0
"202209"|JAKPUS|CPP|New CT0|0|ARPU_KW2|>= 700K|4|0
"202209"|JAKPUS|CPP|New CT0 1|0|ARPU_KW2|< 300K|2|0
"202209"|JAKPUS|CPP|New CT0 1|0|ARPU_KW2|>= 700K|1|0
"202209"|JAKPUS|GBC|Churn APS|0|ARPU_KW2|"300K s/d 500K"|9|0
"202209"|JAKPUS|GBC|Churn APS|0|ARPU_KW2|"500K s/d 700K"|1|0
"202209"|JAKPUS|GBC|Churn APS|0|ARPU_KW2|< 300K|11|0
"202209"|JAKPUS|GBC|Churn APS|0|ARPU_KW2|<1000K|1|0
"202209"|JAKPUS|GBC|Churn APS|0|ARPU_KW2|<10K|1|0
"202209"|JAKPUS|GBC|Churn APS|0|ARPU_KW2|<150K|25|0
"202209"|JAKPUS|GBC|Churn APS|0|ARPU_KW2|<250K|7|0
"202209"|JAKPUS|GBC|Churn APS|0|ARPU_KW2|<500K|16|0
"202209"|JAKPUS|GBC|Churn APS|0|ARPU_KW2|>= 700K|2|0
"202209"|JAKPUS|GBC|New CT0|0|ARPU_KW2|"300K s/d 500K"|84|0
"202209"|JAKPUS|GBC|New CT0|0|ARPU_KW2|"500K s/d 700K"|6|0
"202209"|JAKPUS|GBC|New CT0|0|ARPU_KW2|< 300K|84|0
"202209"|JAKPUS|GBC|New CT0|0|ARPU_KW2|<150K|3|0
"202209"|JAKPUS|GBC|New CT0|0|ARPU_KW2|>= 700K|2|0
"202209"|JAKPUS|GBI|Churn APS|0|ARPU_KW2|"300K s/d 500K"|5|0
"202209"|JAKPUS|GBI|Churn APS|0|ARPU_KW2|"500K s/d 700K"|2|0
"202209"|JAKPUS|GBI|Churn APS|0|ARPU_KW2|< 300K|2|0
"202209"|JAKPUS|GBI|Churn APS|0|ARPU_KW2|<150K|9|0
"202209"|JAKPUS|GBI|Churn APS|0|ARPU_KW2|<250K|3|0
"202209"|JAKPUS|GBI|Churn APS|0|ARPU_KW2|<500K|3|0
"202209"|JAKPUS|GBI|Churn APS|0|ARPU_KW2|>1000K|1|0
"202209"|JAKPUS|GBI|Churn APS|0|ARPU_KW2|>= 700K|1|0
"202209"|JAKPUS|GBI|New CT0|0|ARPU_KW2|"300K s/d 500K"|29|0
"202209"|JAKPUS|GBI|New CT0|0|ARPU_KW2|"500K s/d 700K"|6|0
"202209"|JAKPUS|GBI|New CT0|0|ARPU_KW2|< 300K|29|0
"202209"|JAKPUS|GBI|New CT0|0|ARPU_KW2|>= 700K|6|0
"202209"|JAKPUS|KMY|Churn APS|0|ARPU_KW2|"300K s/d 500K"|10|0
"202209"|JAKPUS|KMY|Churn APS|0|ARPU_KW2|"500K s/d 700K"|1|0
"202209"|JAKPUS|KMY|Churn APS|0|ARPU_KW2|< 300K|3|0
"202209"|JAKPUS|KMY|Churn APS|0|ARPU_KW2|<1000K|3|0
"202209"|JAKPUS|KMY|Churn APS|0|ARPU_KW2|<10K|2|0
"202209"|JAKPUS|KMY|Churn APS|0|ARPU_KW2|<150K|6|0
"202209"|JAKPUS|KMY|Churn APS|0|ARPU_KW2|<250K|5|0
"202209"|JAKPUS|KMY|Churn APS|0|ARPU_KW2|<500K|5|0
"202209"|JAKPUS|KMY|Churn APS|0|ARPU_KW2|>= 700K|1|0
"202209"|JAKPUS|KMY|New CT0|0|ARPU_KW2|"300K s/d 500K"|24|0
"202209"|JAKPUS|KMY|New CT0|0|ARPU_KW2|"500K s/d 700K"|9|0
"202209"|JAKPUS|KMY|New CT0|0|ARPU_KW2|< 300K|14|0
"202209"|JAKPUS|KMY|New CT0|0|ARPU_KW2|>= 700K|3|0
"202209"|JAKSEL|BIN|Churn APS|0|ARPU_KW2|"300K s/d 500K"|38|0
"202209"|JAKSEL|BIN|Churn APS|0|ARPU_KW2|"500K s/d 700K"|4|0
"202209"|JAKSEL|BIN|Churn APS|0|ARPU_KW2|< 300K|14|0
"202209"|JAKSEL|BIN|Churn APS|0|ARPU_KW2|<1000K|2|0
"202209"|JAKSEL|BIN|Churn APS|0|ARPU_KW2|<10K|3|0
"202209"|JAKSEL|BIN|Churn APS|0|ARPU_KW2|<150K|23|0
"202209"|JAKSEL|BIN|Churn APS|0|ARPU_KW2|<250K|16|0
"202209"|JAKSEL|BIN|Churn APS|0|ARPU_KW2|<500K|11|0
"202209"|JAKSEL|BIN|Churn APS|0|ARPU_KW2|>= 700K|1|0
"202209"|JAKSEL|BIN|New CT0|0|ARPU_KW2|"300K s/d 500K"|125|0
"202209"|JAKSEL|BIN|New CT0|0|ARPU_KW2|"500K s/d 700K"|11|0
"202209"|JAKSEL|BIN|New CT0|0|ARPU_KW2|< 300K|132|0
"202209"|JAKSEL|BIN|New CT0|0|ARPU_KW2|>= 700K|1|0
"202209"|JAKSEL|BIN|New CT0 1|0|ARPU_KW2|"300K s/d 500K"|4|0
"202209"|JAKSEL|BIN|New CT0 1|0|ARPU_KW2|< 300K|1|0
"202209"|JAKSEL|CPE|Churn APS|0|ARPU_KW2|"300K s/d 500K"|20|0
"202209"|JAKSEL|CPE|Churn APS|0|ARPU_KW2|"500K s/d 700K"|4|0
"202209"|JAKSEL|CPE|Churn APS|0|ARPU_KW2|< 300K|13|0
"202209"|JAKSEL|CPE|Churn APS|0|ARPU_KW2|<1000K|1|0
"202209"|JAKSEL|CPE|Churn APS|0|ARPU_KW2|<10K|3|0
"202209"|JAKSEL|CPE|Churn APS|0|ARPU_KW2|<150K|25|0
"202209"|JAKSEL|CPE|Churn APS|0|ARPU_KW2|<250K|16|0
"202209"|JAKSEL|CPE|Churn APS|0|ARPU_KW2|<500K|6|0
"202209"|JAKSEL|CPE|Churn APS|0|ARPU_KW2|>= 700K|5|0
"202209"|JAKSEL|CPE|New CT0|0|ARPU_KW2|"300K s/d 500K"|79|0
"202209"|JAKSEL|CPE|New CT0|0|ARPU_KW2|"500K s/d 700K"|12|0
"202209"|JAKSEL|CPE|New CT0|0|ARPU_KW2|< 300K|88|0
"202209"|JAKSEL|CPE|New CT0|0|ARPU_KW2|>= 700K|8|0
"202209"|JAKSEL|JAG|Churn APS|0|ARPU_KW2|"300K s/d 500K"|20|0
"202209"|JAKSEL|JAG|Churn APS|0|ARPU_KW2|"500K s/d 700K"|4|0
"202209"|JAKSEL|JAG|Churn APS|0|ARPU_KW2|< 300K|13|0
"202209"|JAKSEL|JAG|Churn APS|0|ARPU_KW2|<10K|1|0
"202209"|JAKSEL|JAG|Churn APS|0|ARPU_KW2|<150K|30|0
"202209"|JAKSEL|JAG|Churn APS|0|ARPU_KW2|<250K|13|0
"202209"|JAKSEL|JAG|Churn APS|0|ARPU_KW2|<500K|16|0
"202209"|JAKSEL|JAG|Churn APS|0|ARPU_KW2|>= 700K|1|0
"202209"|JAKSEL|JAG|New CT0|0|ARPU_KW2|"300K s/d 500K"|124|0
"202209"|JAKSEL|JAG|New CT0|0|ARPU_KW2|"500K s/d 700K"|8|0
"202209"|JAKSEL|JAG|New CT0|0|ARPU_KW2|< 300K|146|0
"202209"|JAKSEL|JAG|New CT0|0|ARPU_KW2|>= 700K|1|0
"202209"|JAKSEL|JAG|New CT0 1|0|ARPU_KW2|"300K s/d 500K"|5|0
"202209"|JAKSEL|KAL|Churn APS|0|ARPU_KW2|"300K s/d 500K"|16|0
"202209"|JAKSEL|KAL|Churn APS|0|ARPU_KW2|"500K s/d 700K"|4|0
"202209"|JAKSEL|KAL|Churn APS|0|ARPU_KW2|< 300K|15|0
"202209"|JAKSEL|KAL|Churn APS|0|ARPU_KW2|<1000K|1|0
"202209"|JAKSEL|KAL|Churn APS|0|ARPU_KW2|<10K|3|0
"202209"|JAKSEL|KAL|Churn APS|0|ARPU_KW2|<150K|32|0
"202209"|JAKSEL|KAL|Churn APS|0|ARPU_KW2|<250K|11|0
"202209"|JAKSEL|KAL|Churn APS|0|ARPU_KW2|<500K|4|0
"202209"|JAKSEL|KAL|Churn APS|0|ARPU_KW2|>= 700K|1|0
"202209"|JAKSEL|KAL|New CT0|0|ARPU_KW2|UNKNOWN|1|0
"202209"|JAKSEL|KAL|New CT0|0|ARPU_KW2|"300K s/d 500K"|105|0
"202209"|JAKSEL|KAL|New CT0|0|ARPU_KW2|"500K s/d 700K"|12|0
"202209"|JAKSEL|KAL|New CT0|0|ARPU_KW2|< 300K|110|0
"202209"|JAKSEL|KAL|New CT0|0|ARPU_KW2|>= 700K|7|0
"202209"|JAKSEL|KBY|Churn APS|0|ARPU_KW2|"300K s/d 500K"|31|0
"202209"|JAKSEL|KBY|Churn APS|0|ARPU_KW2|"500K s/d 700K"|1|0
"202209"|JAKSEL|KBY|Churn APS|0|ARPU_KW2|< 300K|13|0
"202209"|JAKSEL|KBY|Churn APS|0|ARPU_KW2|<1000K|3|0
"202209"|JAKSEL|KBY|Churn APS|0|ARPU_KW2|<10K|1|0
"202209"|JAKSEL|KBY|Churn APS|0|ARPU_KW2|<150K|25|0
"202209"|JAKSEL|KBY|Churn APS|0|ARPU_KW2|<250K|22|0
"202209"|JAKSEL|KBY|Churn APS|0|ARPU_KW2|<500K|12|0
"202209"|JAKSEL|KBY|Churn APS|0|ARPU_KW2|>1000K|1|0
"202209"|JAKSEL|KBY|Churn APS|0|ARPU_KW2|>= 700K|4|0
"202209"|JAKSEL|KBY|New CT0|0|ARPU_KW2|"300K s/d 500K"|111|0
"202209"|JAKSEL|KBY|New CT0|0|ARPU_KW2|"500K s/d 700K"|14|0
"202209"|JAKSEL|KBY|New CT0|0|ARPU_KW2|< 300K|113|0
"202209"|JAKSEL|KBY|New CT0|0|ARPU_KW2|>= 700K|16|0
