"BULAN"|"WITEL"|"STO"|"TOTAL"|"PLEVEL1"|"PLEVEL2"|"JUMLAH"|"SUBTOTAL"
"202208"|BANTEN|BAY|0|CATEGORY_LATENCY|UNKNOWN|250|0
"202208"|BANTEN|BAY|0|CATEGORY_LATENCY|ACCEPTABLE|321|0
"202208"|BANTEN|BAY|0|CATEGORY_LATENCY|BAD|34|0
"202208"|BANTEN|BAY|0|CATEGORY_LATENCY|GOOD|539|0
"202208"|BANTEN|BAY|0|CATEGORY_LATENCY|VERY BAD|1|0
"202208"|BANTEN|BAY|0|CATEGORY_LATENCY|VERY GOOD|249|0
"202208"|BANTEN|BJO|0|CATEGORY_LATENCY|UNKNOWN|484|0
"202208"|BANTEN|BJO|0|CATEGORY_LATENCY|ACCEPTABLE|382|0
"202208"|BANTEN|BJO|0|CATEGORY_LATENCY|BAD|26|0
"202208"|BANTEN|BJO|0|CATEGORY_LATENCY|GOOD|826|0
"202208"|BANTEN|BJO|0|CATEGORY_LATENCY|VERY GOOD|766|0
"202208"|BANTEN|BJT|0|CATEGORY_LATENCY|UNKNOWN|182|0
"202208"|BANTEN|BJT|0|CATEGORY_LATENCY|ACCEPTABLE|220|0
"202208"|BANTEN|BJT|0|CATEGORY_LATENCY|BAD|42|0
"202208"|BANTEN|BJT|0|CATEGORY_LATENCY|GOOD|192|0
"202208"|BANTEN|BJT|0|CATEGORY_LATENCY|VERY GOOD|91|0
"202208"|BANTEN|BLJ|0|CATEGORY_LATENCY|UNKNOWN|1399|0
"202208"|BANTEN|BLJ|0|CATEGORY_LATENCY|ACCEPTABLE|801|0
"202208"|BANTEN|BLJ|0|CATEGORY_LATENCY|BAD|72|0
"202208"|BANTEN|BLJ|0|CATEGORY_LATENCY|GOOD|1367|0
"202208"|BANTEN|BLJ|0|CATEGORY_LATENCY|VERY BAD|1|0
"202208"|BANTEN|BLJ|0|CATEGORY_LATENCY|VERY GOOD|1232|0
"202208"|BANTEN|BRS|0|CATEGORY_LATENCY|UNKNOWN|404|0
"202208"|BANTEN|BRS|0|CATEGORY_LATENCY|ACCEPTABLE|627|0
"202208"|BANTEN|BRS|0|CATEGORY_LATENCY|BAD|77|0
"202208"|BANTEN|BRS|0|CATEGORY_LATENCY|GOOD|733|0
"202208"|BANTEN|BRS|0|CATEGORY_LATENCY|VERY GOOD|517|0
"202208"|BANTEN|CKA|0|CATEGORY_LATENCY|UNKNOWN|4819|0
"202208"|BANTEN|CKA|0|CATEGORY_LATENCY|ACCEPTABLE|1808|0
"202208"|BANTEN|CKA|0|CATEGORY_LATENCY|BAD|166|0
"202208"|BANTEN|CKA|0|CATEGORY_LATENCY|GOOD|4249|0
"202208"|BANTEN|CKA|0|CATEGORY_LATENCY|VERY BAD|4|0
"202208"|BANTEN|CKA|0|CATEGORY_LATENCY|VERY GOOD|5517|0
"202208"|BANTEN|CKD|0|CATEGORY_LATENCY|UNKNOWN|1277|0
"202208"|BANTEN|CKD|0|CATEGORY_LATENCY|ACCEPTABLE|801|0
"202208"|BANTEN|CKD|0|CATEGORY_LATENCY|BAD|102|0
"202208"|BANTEN|CKD|0|CATEGORY_LATENCY|GOOD|1146|0
"202208"|BANTEN|CKD|0|CATEGORY_LATENCY|VERY GOOD|888|0
"202208"|BANTEN|CLG|0|CATEGORY_LATENCY|UNKNOWN|4341|0
"202208"|BANTEN|CLG|0|CATEGORY_LATENCY|ACCEPTABLE|2157|0
"202208"|BANTEN|CLG|0|CATEGORY_LATENCY|BAD|228|0
"202208"|BANTEN|CLG|0|CATEGORY_LATENCY|GOOD|6026|0
"202208"|BANTEN|CLG|0|CATEGORY_LATENCY|VERY BAD|6|0
"202208"|BANTEN|CLG|0|CATEGORY_LATENCY|VERY GOOD|7760|0
"202208"|BANTEN|CRS|0|CATEGORY_LATENCY|UNKNOWN|1661|0
"202208"|BANTEN|CRS|0|CATEGORY_LATENCY|ACCEPTABLE|1747|0
"202208"|BANTEN|CRS|0|CATEGORY_LATENCY|BAD|180|0
"202208"|BANTEN|CRS|0|CATEGORY_LATENCY|GOOD|3087|0
"202208"|BANTEN|CRS|0|CATEGORY_LATENCY|VERY BAD|1|0
"202208"|BANTEN|CRS|0|CATEGORY_LATENCY|VERY GOOD|3174|0
"202208"|BANTEN|CSK|0|CATEGORY_LATENCY|UNKNOWN|560|0
"202208"|BANTEN|CSK|0|CATEGORY_LATENCY|ACCEPTABLE|398|0
"202208"|BANTEN|CSK|0|CATEGORY_LATENCY|BAD|26|0
"202208"|BANTEN|CSK|0|CATEGORY_LATENCY|GOOD|1025|0
"202208"|BANTEN|CSK|0|CATEGORY_LATENCY|VERY GOOD|1334|0
"202208"|BANTEN|CWN|0|CATEGORY_LATENCY|UNKNOWN|1002|0
"202208"|BANTEN|CWN|0|CATEGORY_LATENCY|ACCEPTABLE|523|0
"202208"|BANTEN|CWN|0|CATEGORY_LATENCY|BAD|73|0
"202208"|BANTEN|CWN|0|CATEGORY_LATENCY|GOOD|832|0
"202208"|BANTEN|CWN|0|CATEGORY_LATENCY|VERY BAD|1|0
"202208"|BANTEN|CWN|0|CATEGORY_LATENCY|VERY GOOD|560|0
"202208"|BANTEN|GRL|0|CATEGORY_LATENCY|UNKNOWN|287|0
"202208"|BANTEN|GRL|0|CATEGORY_LATENCY|ACCEPTABLE|165|0
"202208"|BANTEN|GRL|0|CATEGORY_LATENCY|BAD|20|0
"202208"|BANTEN|GRL|0|CATEGORY_LATENCY|GOOD|599|0
"202208"|BANTEN|GRL|0|CATEGORY_LATENCY|VERY BAD|1|0
"202208"|BANTEN|GRL|0|CATEGORY_LATENCY|VERY GOOD|1080|0
"202208"|BANTEN|KMT|0|CATEGORY_LATENCY|UNKNOWN|513|0
"202208"|BANTEN|KMT|0|CATEGORY_LATENCY|ACCEPTABLE|273|0
"202208"|BANTEN|KMT|0|CATEGORY_LATENCY|BAD|23|0
"202208"|BANTEN|KMT|0|CATEGORY_LATENCY|GOOD|1060|0
"202208"|BANTEN|KMT|0|CATEGORY_LATENCY|VERY GOOD|1416|0
"202208"|BANTEN|KRS|0|CATEGORY_LATENCY|UNKNOWN|518|0
"202208"|BANTEN|KRS|0|CATEGORY_LATENCY|ACCEPTABLE|265|0
"202208"|BANTEN|KRS|0|CATEGORY_LATENCY|BAD|42|0
"202208"|BANTEN|KRS|0|CATEGORY_LATENCY|GOOD|303|0
"202208"|BANTEN|KRS|0|CATEGORY_LATENCY|VERY GOOD|211|0
"202208"|BANTEN|LBU|0|CATEGORY_LATENCY|UNKNOWN|1235|0
"202208"|BANTEN|LBU|0|CATEGORY_LATENCY|ACCEPTABLE|1316|0
"202208"|BANTEN|LBU|0|CATEGORY_LATENCY|BAD|153|0
"202208"|BANTEN|LBU|0|CATEGORY_LATENCY|GOOD|1466|0
"202208"|BANTEN|LBU|0|CATEGORY_LATENCY|VERY BAD|1|0
"202208"|BANTEN|LBU|0|CATEGORY_LATENCY|VERY GOOD|726|0
"202208"|BANTEN|LWD|0|CATEGORY_LATENCY|UNKNOWN|50|0
"202208"|BANTEN|LWD|0|CATEGORY_LATENCY|ACCEPTABLE|184|0
"202208"|BANTEN|LWD|0|CATEGORY_LATENCY|BAD|28|0
"202208"|BANTEN|LWD|0|CATEGORY_LATENCY|GOOD|115|0
"202208"|BANTEN|LWD|0|CATEGORY_LATENCY|VERY GOOD|47|0
"202208"|BANTEN|MEN|0|CATEGORY_LATENCY|UNKNOWN|207|0
"202208"|BANTEN|MEN|0|CATEGORY_LATENCY|ACCEPTABLE|767|0
"202208"|BANTEN|MEN|0|CATEGORY_LATENCY|BAD|111|0
"202208"|BANTEN|MEN|0|CATEGORY_LATENCY|GOOD|675|0
"202208"|BANTEN|MEN|0|CATEGORY_LATENCY|VERY BAD|1|0
"202208"|BANTEN|MEN|0|CATEGORY_LATENCY|VERY GOOD|304|0
"202208"|BANTEN|MER|0|CATEGORY_LATENCY|UNKNOWN|962|0
"202208"|BANTEN|MER|0|CATEGORY_LATENCY|ACCEPTABLE|575|0
"202208"|BANTEN|MER|0|CATEGORY_LATENCY|BAD|65|0
"202208"|BANTEN|MER|0|CATEGORY_LATENCY|GOOD|1153|0
"202208"|BANTEN|MER|0|CATEGORY_LATENCY|VERY GOOD|1036|0
"202208"|BANTEN|MLP|0|CATEGORY_LATENCY|UNKNOWN|320|0
"202208"|BANTEN|MLP|0|CATEGORY_LATENCY|ACCEPTABLE|604|0
"202208"|BANTEN|MLP|0|CATEGORY_LATENCY|BAD|63|0
"202208"|BANTEN|MLP|0|CATEGORY_LATENCY|GOOD|653|0
"202208"|BANTEN|MLP|0|CATEGORY_LATENCY|VERY GOOD|285|0
"202208"|BANTEN|PBN|0|CATEGORY_LATENCY|UNKNOWN|86|0
"202208"|BANTEN|PBN|0|CATEGORY_LATENCY|ACCEPTABLE|90|0
"202208"|BANTEN|PBN|0|CATEGORY_LATENCY|BAD|14|0
"202208"|BANTEN|PBN|0|CATEGORY_LATENCY|GOOD|140|0
"202208"|BANTEN|PBN|0|CATEGORY_LATENCY|VERY GOOD|109|0
"202208"|BANTEN|PDG|0|CATEGORY_LATENCY|UNKNOWN|1774|0
"202208"|BANTEN|PDG|0|CATEGORY_LATENCY|ACCEPTABLE|2343|0
"202208"|BANTEN|PDG|0|CATEGORY_LATENCY|BAD|285|0
"202208"|BANTEN|PDG|0|CATEGORY_LATENCY|GOOD|3260|0
"202208"|BANTEN|PDG|0|CATEGORY_LATENCY|VERY BAD|2|0
"202208"|BANTEN|PDG|0|CATEGORY_LATENCY|VERY GOOD|2089|0
"202208"|BANTEN|PSU|0|CATEGORY_LATENCY|UNKNOWN|223|0
"202208"|BANTEN|PSU|0|CATEGORY_LATENCY|ACCEPTABLE|239|0
"202208"|BANTEN|PSU|0|CATEGORY_LATENCY|BAD|47|0
"202208"|BANTEN|PSU|0|CATEGORY_LATENCY|GOOD|225|0
"202208"|BANTEN|PSU|0|CATEGORY_LATENCY|VERY BAD|1|0
"202208"|BANTEN|PSU|0|CATEGORY_LATENCY|VERY GOOD|121|0
"202208"|BANTEN|RKS|0|CATEGORY_LATENCY|UNKNOWN|1949|0
"202208"|BANTEN|RKS|0|CATEGORY_LATENCY|ACCEPTABLE|2173|0
"202208"|BANTEN|RKS|0|CATEGORY_LATENCY|BAD|297|0
"202208"|BANTEN|RKS|0|CATEGORY_LATENCY|GOOD|3514|0
"202208"|BANTEN|RKS|0|CATEGORY_LATENCY|VERY BAD|2|0
"202208"|BANTEN|RKS|0|CATEGORY_LATENCY|VERY GOOD|2996|0
"202208"|BANTEN|SAG|0|CATEGORY_LATENCY|UNKNOWN|280|0
"202208"|BANTEN|SAG|0|CATEGORY_LATENCY|ACCEPTABLE|242|0
"202208"|BANTEN|SAG|0|CATEGORY_LATENCY|BAD|20|0
"202208"|BANTEN|SAG|0|CATEGORY_LATENCY|GOOD|640|0
"202208"|BANTEN|SAG|0|CATEGORY_LATENCY|VERY GOOD|624|0
"202208"|BANTEN|SAM|0|CATEGORY_LATENCY|UNKNOWN|643|0
"202208"|BANTEN|SAM|0|CATEGORY_LATENCY|ACCEPTABLE|416|0
"202208"|BANTEN|SAM|0|CATEGORY_LATENCY|BAD|46|0
"202208"|BANTEN|SAM|0|CATEGORY_LATENCY|GOOD|954|0
"202208"|BANTEN|SAM|0|CATEGORY_LATENCY|VERY BAD|1|0
"202208"|BANTEN|SAM|0|CATEGORY_LATENCY|VERY GOOD|1139|0
"202208"|BANTEN|SEG|0|CATEGORY_LATENCY|UNKNOWN|4732|0
"202208"|BANTEN|SEG|0|CATEGORY_LATENCY|ACCEPTABLE|2551|0
"202208"|BANTEN|SEG|0|CATEGORY_LATENCY|BAD|272|0
"202208"|BANTEN|SEG|0|CATEGORY_LATENCY|GOOD|6558|0
"202208"|BANTEN|SEG|0|CATEGORY_LATENCY|VERY BAD|2|0
"202208"|BANTEN|SEG|0|CATEGORY_LATENCY|VERY GOOD|8126|0
"202208"|BANTEN|SKE|0|CATEGORY_LATENCY|UNKNOWN|297|0
"202208"|BANTEN|SKE|0|CATEGORY_LATENCY|ACCEPTABLE|322|0
"202208"|BANTEN|SKE|0|CATEGORY_LATENCY|BAD|54|0
"202208"|BANTEN|SKE|0|CATEGORY_LATENCY|GOOD|379|0
"202208"|BANTEN|SKE|0|CATEGORY_LATENCY|VERY BAD|1|0
"202208"|BANTEN|SKE|0|CATEGORY_LATENCY|VERY GOOD|198|0
"202208"|BANTEN|TGR|0|CATEGORY_LATENCY|UNKNOWN|1631|0
"202208"|BANTEN|TGR|0|CATEGORY_LATENCY|ACCEPTABLE|1128|0
"202208"|BANTEN|TGR|0|CATEGORY_LATENCY|BAD|118|0
"202208"|BANTEN|TGR|0|CATEGORY_LATENCY|GOOD|2469|0
"202208"|BANTEN|TGR|0|CATEGORY_LATENCY|VERY BAD|1|0
"202208"|BANTEN|TGR|0|CATEGORY_LATENCY|VERY GOOD|3034|0
"202208"|BANTEN|TJO|0|CATEGORY_LATENCY|UNKNOWN|115|0
"202208"|BANTEN|TJO|0|CATEGORY_LATENCY|ACCEPTABLE|134|0
"202208"|BANTEN|TJO|0|CATEGORY_LATENCY|BAD|26|0
"202208"|BANTEN|TJO|0|CATEGORY_LATENCY|GOOD|175|0
"202208"|BANTEN|TJO|0|CATEGORY_LATENCY|VERY GOOD|123|0
"202208"|BEKASI|BBL|0|CATEGORY_LATENCY|UNKNOWN|1793|0
"202208"|BEKASI|BBL|0|CATEGORY_LATENCY|ACCEPTABLE|1121|0
"202208"|BEKASI|BBL|0|CATEGORY_LATENCY|BAD|171|0
"202208"|BEKASI|BBL|0|CATEGORY_LATENCY|GOOD|3241|0
"202208"|BEKASI|BBL|0|CATEGORY_LATENCY|VERY BAD|3|0
"202208"|BEKASI|BBL|0|CATEGORY_LATENCY|VERY GOOD|3426|0
"202208"|BEKASI|BEK|0|CATEGORY_LATENCY|UNKNOWN|10737|0
"202208"|BEKASI|BEK|0|CATEGORY_LATENCY|ACCEPTABLE|3791|0
"202208"|BEKASI|BEK|0|CATEGORY_LATENCY|BAD|498|0
"202208"|BEKASI|BEK|0|CATEGORY_LATENCY|GOOD|10418|0
"202208"|BEKASI|BEK|0|CATEGORY_LATENCY|VERY BAD|2|0
"202208"|BEKASI|BEK|0|CATEGORY_LATENCY|VERY GOOD|11253|0
"202208"|BEKASI|BGG|0|CATEGORY_LATENCY|UNKNOWN|30184|0
"202208"|BEKASI|BGG|0|CATEGORY_LATENCY|ACCEPTABLE|17|0
"202208"|BEKASI|BGG|0|CATEGORY_LATENCY|BAD|2|0
"202208"|BEKASI|BGG|0|CATEGORY_LATENCY|GOOD|26|0
"202208"|BEKASI|BGG|0|CATEGORY_LATENCY|VERY GOOD|18|0
"202208"|BEKASI|CBG|0|CATEGORY_LATENCY|UNKNOWN|83|0
"202208"|BEKASI|CBG|0|CATEGORY_LATENCY|ACCEPTABLE|194|0
"202208"|BEKASI|CBG|0|CATEGORY_LATENCY|BAD|52|0
"202208"|BEKASI|CBG|0|CATEGORY_LATENCY|GOOD|113|0
"202208"|BEKASI|CBG|0|CATEGORY_LATENCY|VERY GOOD|44|0
"202208"|BEKASI|CBR|0|CATEGORY_LATENCY|UNKNOWN|696|0
"202208"|BEKASI|CBR|0|CATEGORY_LATENCY|ACCEPTABLE|851|0
"202208"|BEKASI|CBR|0|CATEGORY_LATENCY|BAD|117|0
"202208"|BEKASI|CBR|0|CATEGORY_LATENCY|GOOD|2041|0
"202208"|BEKASI|CBR|0|CATEGORY_LATENCY|VERY BAD|3|0
"202208"|BEKASI|CBR|0|CATEGORY_LATENCY|VERY GOOD|1389|0
"202208"|BEKASI|CIB|0|CATEGORY_LATENCY|UNKNOWN|4870|0
"202208"|BEKASI|CIB|0|CATEGORY_LATENCY|ACCEPTABLE|2519|0
"202208"|BEKASI|CIB|0|CATEGORY_LATENCY|BAD|312|0
"202208"|BEKASI|CIB|0|CATEGORY_LATENCY|GOOD|6165|0
"202208"|BEKASI|CIB|0|CATEGORY_LATENCY|VERY BAD|8|0
"202208"|BEKASI|CIB|0|CATEGORY_LATENCY|VERY GOOD|5114|0
"202208"|BEKASI|CIK|0|CATEGORY_LATENCY|UNKNOWN|2151|0
"202208"|BEKASI|CIK|0|CATEGORY_LATENCY|ACCEPTABLE|2132|0
"202208"|BEKASI|CIK|0|CATEGORY_LATENCY|BAD|373|0
"202208"|BEKASI|CIK|0|CATEGORY_LATENCY|GOOD|3800|0
"202208"|BEKASI|CIK|0|CATEGORY_LATENCY|VERY BAD|5|0
"202208"|BEKASI|CIK|0|CATEGORY_LATENCY|VERY GOOD|1463|0
"202208"|BEKASI|DNI|0|CATEGORY_LATENCY|UNKNOWN|1815|0
"202208"|BEKASI|DNI|0|CATEGORY_LATENCY|ACCEPTABLE|90|0
"202208"|BEKASI|DNI|0|CATEGORY_LATENCY|BAD|10|0
"202208"|BEKASI|DNI|0|CATEGORY_LATENCY|GOOD|88|0
"202208"|BEKASI|DNI|0|CATEGORY_LATENCY|VERY GOOD|58|0
"202208"|BEKASI|EJI|0|CATEGORY_LATENCY|UNKNOWN|541|0
"202208"|BEKASI|EJI|0|CATEGORY_LATENCY|ACCEPTABLE|470|0
"202208"|BEKASI|EJI|0|CATEGORY_LATENCY|BAD|55|0
"202208"|BEKASI|EJI|0|CATEGORY_LATENCY|GOOD|996|0
"202208"|BEKASI|EJI|0|CATEGORY_LATENCY|VERY GOOD|328|0
"202208"|BEKASI|JBB|0|CATEGORY_LATENCY|UNKNOWN|2537|0
"202208"|BEKASI|JBB|0|CATEGORY_LATENCY|ACCEPTABLE|1665|0
"202208"|BEKASI|JBB|0|CATEGORY_LATENCY|BAD|270|0
"202208"|BEKASI|JBB|0|CATEGORY_LATENCY|GOOD|3677|0
"202208"|BEKASI|JBB|0|CATEGORY_LATENCY|VERY BAD|6|0
"202208"|BEKASI|JBB|0|CATEGORY_LATENCY|VERY GOOD|2687|0
"202208"|BEKASI|KLB|0|CATEGORY_LATENCY|UNKNOWN|8522|0
"202208"|BEKASI|KLB|0|CATEGORY_LATENCY|ACCEPTABLE|2958|0
"202208"|BEKASI|KLB|0|CATEGORY_LATENCY|BAD|377|0
"202208"|BEKASI|KLB|0|CATEGORY_LATENCY|GOOD|9329|0
"202208"|BEKASI|KLB|0|CATEGORY_LATENCY|VERY BAD|5|0
"202208"|BEKASI|KLB|0|CATEGORY_LATENCY|VERY GOOD|7767|0
"202208"|BEKASI|KRA|0|CATEGORY_LATENCY|UNKNOWN|12691|0
"202208"|BEKASI|KRA|0|CATEGORY_LATENCY|ACCEPTABLE|3509|0
"202208"|BEKASI|KRA|0|CATEGORY_LATENCY|BAD|435|0
"202208"|BEKASI|KRA|0|CATEGORY_LATENCY|GOOD|9387|0
"202208"|BEKASI|KRA|0|CATEGORY_LATENCY|VERY BAD|8|0
"202208"|BEKASI|KRA|0|CATEGORY_LATENCY|VERY GOOD|7657|0
"202208"|BEKASI|LMA|0|CATEGORY_LATENCY|UNKNOWN|560|0
"202208"|BEKASI|LMA|0|CATEGORY_LATENCY|ACCEPTABLE|558|0
"202208"|BEKASI|LMA|0|CATEGORY_LATENCY|BAD|80|0
"202208"|BEKASI|LMA|0|CATEGORY_LATENCY|GOOD|1224|0
"202208"|BEKASI|LMA|0|CATEGORY_LATENCY|VERY GOOD|703|0
"202208"|BEKASI|MGB|0|CATEGORY_LATENCY|UNKNOWN|44|0
"202208"|BEKASI|MGB|0|CATEGORY_LATENCY|ACCEPTABLE|68|0
"202208"|BEKASI|MGB|0|CATEGORY_LATENCY|BAD|19|0
"202208"|BEKASI|MGB|0|CATEGORY_LATENCY|GOOD|44|0
"202208"|BEKASI|MGB|0|CATEGORY_LATENCY|VERY GOOD|27|0
"202208"|BEKASI|PBY|0|CATEGORY_LATENCY|UNKNOWN|116|0
"202208"|BEKASI|PBY|0|CATEGORY_LATENCY|ACCEPTABLE|169|0
"202208"|BEKASI|PBY|0|CATEGORY_LATENCY|BAD|51|0
"202208"|BEKASI|PBY|0|CATEGORY_LATENCY|GOOD|162|0
"202208"|BEKASI|PBY|0|CATEGORY_LATENCY|VERY GOOD|41|0
"202208"|BEKASI|PDE|0|CATEGORY_LATENCY|UNKNOWN|46337|0
"202208"|BEKASI|PDE|0|CATEGORY_LATENCY|ACCEPTABLE|8|0
"202208"|BEKASI|PDE|0|CATEGORY_LATENCY|BAD|1|0
"202208"|BEKASI|PDE|0|CATEGORY_LATENCY|GOOD|51|0
"202208"|BEKASI|PDE|0|CATEGORY_LATENCY|VERY GOOD|30|0
"202208"|BEKASI|PKY|0|CATEGORY_LATENCY|UNKNOWN|53173|0
"202208"|BEKASI|PKY|0|CATEGORY_LATENCY|ACCEPTABLE|20|0
"202208"|BEKASI|PKY|0|CATEGORY_LATENCY|BAD|3|0
"202208"|BEKASI|PKY|0|CATEGORY_LATENCY|GOOD|60|0
"202208"|BEKASI|PKY|0|CATEGORY_LATENCY|VERY GOOD|43|0
"202208"|BEKASI|SMH|0|CATEGORY_LATENCY|UNKNOWN|1058|0
"202208"|BEKASI|SMH|0|CATEGORY_LATENCY|ACCEPTABLE|614|0
"202208"|BEKASI|SMH|0|CATEGORY_LATENCY|BAD|85|0
"202208"|BEKASI|SMH|0|CATEGORY_LATENCY|GOOD|1126|0
"202208"|BEKASI|SMH|0|CATEGORY_LATENCY|VERY BAD|1|0
"202208"|BEKASI|SMH|0|CATEGORY_LATENCY|VERY GOOD|493|0
"202208"|BEKASI|STN|0|CATEGORY_LATENCY|UNKNOWN|543|0
"202208"|BEKASI|STN|0|CATEGORY_LATENCY|ACCEPTABLE|476|0
"202208"|BEKASI|STN|0|CATEGORY_LATENCY|BAD|68|0
"202208"|BEKASI|STN|0|CATEGORY_LATENCY|GOOD|614|0
"202208"|BEKASI|STN|0|CATEGORY_LATENCY|VERY BAD|2|0
"202208"|BEKASI|STN|0|CATEGORY_LATENCY|VERY GOOD|301|0
"202208"|BEKASI|SUE|0|CATEGORY_LATENCY|UNKNOWN|2343|0
"202208"|BEKASI|SUE|0|CATEGORY_LATENCY|ACCEPTABLE|767|0
"202208"|BEKASI|SUE|0|CATEGORY_LATENCY|BAD|136|0
"202208"|BEKASI|SUE|0|CATEGORY_LATENCY|GOOD|1295|0
"202208"|BEKASI|SUE|0|CATEGORY_LATENCY|VERY BAD|5|0
"202208"|BEKASI|SUE|0|CATEGORY_LATENCY|VERY GOOD|759|0
"202208"|BEKASI|TAR|0|CATEGORY_LATENCY|UNKNOWN|1530|0
"202208"|BEKASI|TAR|0|CATEGORY_LATENCY|ACCEPTABLE|1446|0
"202208"|BEKASI|TAR|0|CATEGORY_LATENCY|BAD|216|0
"202208"|BEKASI|TAR|0|CATEGORY_LATENCY|GOOD|3510|0
"202208"|BEKASI|TAR|0|CATEGORY_LATENCY|VERY BAD|2|0
"202208"|BEKASI|TAR|0|CATEGORY_LATENCY|VERY GOOD|2485|0
"202208"|BEKASI|TBL|0|CATEGORY_LATENCY|UNKNOWN|95|0
"202208"|BEKASI|TBL|0|CATEGORY_LATENCY|ACCEPTABLE|134|0
"202208"|BEKASI|TBL|0|CATEGORY_LATENCY|BAD|27|0
"202208"|BEKASI|TBL|0|CATEGORY_LATENCY|GOOD|133|0
"202208"|BEKASI|TBL|0|CATEGORY_LATENCY|VERY GOOD|83|0
"202208"|BOGOR|BJD|0|CATEGORY_LATENCY|UNKNOWN|2703|0
"202208"|BOGOR|BJD|0|CATEGORY_LATENCY|ACCEPTABLE|2167|0
"202208"|BOGOR|BJD|0|CATEGORY_LATENCY|BAD|324|0
"202208"|BOGOR|BJD|0|CATEGORY_LATENCY|GOOD|5436|0
"202208"|BOGOR|BJD|0|CATEGORY_LATENCY|VERY BAD|6|0
"202208"|BOGOR|BJD|0|CATEGORY_LATENCY|VERY GOOD|1381|0
"202208"|BOGOR|BOO|0|CATEGORY_LATENCY|UNKNOWN|17450|0
"202208"|BOGOR|BOO|0|CATEGORY_LATENCY|ACCEPTABLE|9235|0
"202208"|BOGOR|BOO|0|CATEGORY_LATENCY|BAD|1174|0
"202208"|BOGOR|BOO|0|CATEGORY_LATENCY|GOOD|15458|0
"202208"|BOGOR|BOO|0|CATEGORY_LATENCY|VERY BAD|18|0
"202208"|BOGOR|BOO|0|CATEGORY_LATENCY|VERY GOOD|2048|0
"202208"|BOGOR|CAU|0|CATEGORY_LATENCY|UNKNOWN|146|0
"202208"|BOGOR|CAU|0|CATEGORY_LATENCY|ACCEPTABLE|395|0
"202208"|BOGOR|CAU|0|CATEGORY_LATENCY|BAD|92|0
"202208"|BOGOR|CAU|0|CATEGORY_LATENCY|GOOD|263|0
"202208"|BOGOR|CAU|0|CATEGORY_LATENCY|VERY GOOD|80|0
"202208"|BOGOR|CBI|0|CATEGORY_LATENCY|UNKNOWN|7042|0
"202208"|BOGOR|CBI|0|CATEGORY_LATENCY|ACCEPTABLE|2709|0
"202208"|BOGOR|CBI|0|CATEGORY_LATENCY|BAD|309|0
"202208"|BOGOR|CBI|0|CATEGORY_LATENCY|GOOD|8034|0
"202208"|BOGOR|CBI|0|CATEGORY_LATENCY|VERY GOOD|9376|0
"202208"|BOGOR|CGD|0|CATEGORY_LATENCY|UNKNOWN|134|0
"202208"|BOGOR|CGD|0|CATEGORY_LATENCY|ACCEPTABLE|306|0
"202208"|BOGOR|CGD|0|CATEGORY_LATENCY|BAD|137|0
"202208"|BOGOR|CGD|0|CATEGORY_LATENCY|GOOD|238|0
"202208"|BOGOR|CGD|0|CATEGORY_LATENCY|VERY BAD|2|0
"202208"|BOGOR|CGD|0|CATEGORY_LATENCY|VERY GOOD|22|0
"202208"|BOGOR|CJU|0|CATEGORY_LATENCY|UNKNOWN|592|0
"202208"|BOGOR|CJU|0|CATEGORY_LATENCY|ACCEPTABLE|538|0
"202208"|BOGOR|CJU|0|CATEGORY_LATENCY|BAD|85|0
"202208"|BOGOR|CJU|0|CATEGORY_LATENCY|GOOD|1124|0
"202208"|BOGOR|CJU|0|CATEGORY_LATENCY|VERY GOOD|273|0
"202208"|BOGOR|CLS|0|CATEGORY_LATENCY|UNKNOWN|3749|0
"202208"|BOGOR|CLS|0|CATEGORY_LATENCY|ACCEPTABLE|2033|0
"202208"|BOGOR|CLS|0|CATEGORY_LATENCY|BAD|220|0
"202208"|BOGOR|CLS|0|CATEGORY_LATENCY|GOOD|5095|0
"202208"|BOGOR|CLS|0|CATEGORY_LATENCY|VERY BAD|2|0
"202208"|BOGOR|CLS|0|CATEGORY_LATENCY|VERY GOOD|2914|0
"202208"|BOGOR|CNE|0|CATEGORY_LATENCY|UNKNOWN|2548|0
"202208"|BOGOR|CNE|0|CATEGORY_LATENCY|ACCEPTABLE|1446|0
"202208"|BOGOR|CNE|0|CATEGORY_LATENCY|BAD|149|0
"202208"|BOGOR|CNE|0|CATEGORY_LATENCY|GOOD|3435|0
"202208"|BOGOR|CNE|0|CATEGORY_LATENCY|VERY BAD|3|0
"202208"|BOGOR|CNE|0|CATEGORY_LATENCY|VERY GOOD|1972|0
"202208"|BOGOR|CPS|0|CATEGORY_LATENCY|UNKNOWN|1060|0
"202208"|BOGOR|CPS|0|CATEGORY_LATENCY|ACCEPTABLE|1816|0
"202208"|BOGOR|CPS|0|CATEGORY_LATENCY|BAD|386|0
"202208"|BOGOR|CPS|0|CATEGORY_LATENCY|GOOD|2735|0
"202208"|BOGOR|CPS|0|CATEGORY_LATENCY|VERY BAD|2|0
"202208"|BOGOR|CPS|0|CATEGORY_LATENCY|VERY GOOD|439|0
"202208"|BOGOR|CRI|0|CATEGORY_LATENCY|UNKNOWN|858|0
"202208"|BOGOR|CRI|0|CATEGORY_LATENCY|ACCEPTABLE|1594|0
"202208"|BOGOR|CRI|0|CATEGORY_LATENCY|BAD|404|0
"202208"|BOGOR|CRI|0|CATEGORY_LATENCY|GOOD|1450|0
"202208"|BOGOR|CRI|0|CATEGORY_LATENCY|VERY BAD|9|0
"202208"|BOGOR|CRI|0|CATEGORY_LATENCY|VERY GOOD|59|0
"202208"|BOGOR|CSE|0|CATEGORY_LATENCY|UNKNOWN|320|0
"202208"|BOGOR|CSE|0|CATEGORY_LATENCY|ACCEPTABLE|512|0
"202208"|BOGOR|CSE|0|CATEGORY_LATENCY|BAD|121|0
"202208"|BOGOR|CSE|0|CATEGORY_LATENCY|GOOD|729|0
"202208"|BOGOR|CSE|0|CATEGORY_LATENCY|VERY BAD|3|0
"202208"|BOGOR|CSE|0|CATEGORY_LATENCY|VERY GOOD|165|0
"202208"|BOGOR|CSL|0|CATEGORY_LATENCY|UNKNOWN|1980|0
"202208"|BOGOR|CSL|0|CATEGORY_LATENCY|ACCEPTABLE|861|0
"202208"|BOGOR|CSL|0|CATEGORY_LATENCY|BAD|81|0
"202208"|BOGOR|CSL|0|CATEGORY_LATENCY|GOOD|3209|0
"202208"|BOGOR|CSL|0|CATEGORY_LATENCY|VERY GOOD|3475|0
"202208"|BOGOR|CSN|0|CATEGORY_LATENCY|UNKNOWN|1153|0
"202208"|BOGOR|CSN|0|CATEGORY_LATENCY|ACCEPTABLE|815|0
"202208"|BOGOR|CSN|0|CATEGORY_LATENCY|BAD|70|0
"202208"|BOGOR|CSN|0|CATEGORY_LATENCY|GOOD|2218|0
"202208"|BOGOR|CSN|0|CATEGORY_LATENCY|VERY GOOD|803|0
"202208"|BOGOR|CSR|0|CATEGORY_LATENCY|UNKNOWN|1706|0
"202208"|BOGOR|CSR|0|CATEGORY_LATENCY|ACCEPTABLE|2298|0
"202208"|BOGOR|CSR|0|CATEGORY_LATENCY|BAD|969|0
"202208"|BOGOR|CSR|0|CATEGORY_LATENCY|GOOD|1792|0
"202208"|BOGOR|CSR|0|CATEGORY_LATENCY|VERY BAD|32|0
"202208"|BOGOR|CSR|0|CATEGORY_LATENCY|VERY GOOD|743|0
"202208"|BOGOR|CTR|0|CATEGORY_LATENCY|UNKNOWN|878|0
"202208"|BOGOR|CTR|0|CATEGORY_LATENCY|ACCEPTABLE|821|0
"202208"|BOGOR|CTR|0|CATEGORY_LATENCY|BAD|184|0
"202208"|BOGOR|CTR|0|CATEGORY_LATENCY|GOOD|1096|0
"202208"|BOGOR|CTR|0|CATEGORY_LATENCY|VERY BAD|5|0
"202208"|BOGOR|CTR|0|CATEGORY_LATENCY|VERY GOOD|138|0
"202208"|BOGOR|CWI|0|CATEGORY_LATENCY|UNKNOWN|1703|0
"202208"|BOGOR|CWI|0|CATEGORY_LATENCY|ACCEPTABLE|1949|0
"202208"|BOGOR|CWI|0|CATEGORY_LATENCY|BAD|474|0
"202208"|BOGOR|CWI|0|CATEGORY_LATENCY|GOOD|1930|0
"202208"|BOGOR|CWI|0|CATEGORY_LATENCY|VERY BAD|17|0
"202208"|BOGOR|CWI|0|CATEGORY_LATENCY|VERY GOOD|256|0
"202208"|BOGOR|CYI|0|CATEGORY_LATENCY|UNKNOWN|82|0
"202208"|BOGOR|CYI|0|CATEGORY_LATENCY|ACCEPTABLE|6|0
"202208"|BOGOR|CYI|0|CATEGORY_LATENCY|BAD|1|0
"202208"|BOGOR|CYI|0|CATEGORY_LATENCY|GOOD|16|0
"202208"|BOGOR|CYI|0|CATEGORY_LATENCY|VERY GOOD|11|0
"202208"|BOGOR|DEP|0|CATEGORY_LATENCY|UNKNOWN|11175|0
"202208"|BOGOR|DEP|0|CATEGORY_LATENCY|ACCEPTABLE|6165|0
"202208"|BOGOR|DEP|0|CATEGORY_LATENCY|BAD|886|0
"202208"|BOGOR|DEP|0|CATEGORY_LATENCY|GOOD|14908|0
"202208"|BOGOR|DEP|0|CATEGORY_LATENCY|VERY BAD|19|0
"202208"|BOGOR|DEP|0|CATEGORY_LATENCY|VERY GOOD|9756|0
"202208"|BOGOR|DMG|0|CATEGORY_LATENCY|UNKNOWN|2185|0
"202208"|BOGOR|DMG|0|CATEGORY_LATENCY|ACCEPTABLE|3031|0
"202208"|BOGOR|DMG|0|CATEGORY_LATENCY|BAD|543|0
"202208"|BOGOR|DMG|0|CATEGORY_LATENCY|GOOD|4453|0
"202208"|BOGOR|DMG|0|CATEGORY_LATENCY|VERY BAD|5|0
"202208"|BOGOR|DMG|0|CATEGORY_LATENCY|VERY GOOD|466|0
"202208"|BOGOR|GPI|0|CATEGORY_LATENCY|UNKNOWN|1541|0
"202208"|BOGOR|GPI|0|CATEGORY_LATENCY|ACCEPTABLE|1031|0
"202208"|BOGOR|GPI|0|CATEGORY_LATENCY|BAD|162|0
"202208"|BOGOR|GPI|0|CATEGORY_LATENCY|GOOD|2068|0
"202208"|BOGOR|GPI|0|CATEGORY_LATENCY|VERY BAD|1|0
"202208"|BOGOR|GPI|0|CATEGORY_LATENCY|VERY GOOD|888|0
"202208"|BOGOR|JGL|0|CATEGORY_LATENCY|UNKNOWN|608|0
"202208"|BOGOR|JGL|0|CATEGORY_LATENCY|ACCEPTABLE|646|0
"202208"|BOGOR|JGL|0|CATEGORY_LATENCY|BAD|92|0
"202208"|BOGOR|JGL|0|CATEGORY_LATENCY|GOOD|1219|0
"202208"|BOGOR|JGL|0|CATEGORY_LATENCY|VERY BAD|3|0
"202208"|BOGOR|JGL|0|CATEGORY_LATENCY|VERY GOOD|796|0
"202208"|BOGOR|JSA|0|CATEGORY_LATENCY|UNKNOWN|127|0
"202208"|BOGOR|JSA|0|CATEGORY_LATENCY|ACCEPTABLE|324|0
"202208"|BOGOR|JSA|0|CATEGORY_LATENCY|BAD|190|0
"202208"|BOGOR|JSA|0|CATEGORY_LATENCY|GOOD|232|0
"202208"|BOGOR|JSA|0|CATEGORY_LATENCY|VERY BAD|3|0
"202208"|BOGOR|JSA|0|CATEGORY_LATENCY|VERY GOOD|43|0
"202208"|BOGOR|KHL|0|CATEGORY_LATENCY|UNKNOWN|3620|0
"202208"|BOGOR|KHL|0|CATEGORY_LATENCY|ACCEPTABLE|2607|0
"202208"|BOGOR|KHL|0|CATEGORY_LATENCY|BAD|355|0
"202208"|BOGOR|KHL|0|CATEGORY_LATENCY|GOOD|5262|0
"202208"|BOGOR|KHL|0|CATEGORY_LATENCY|VERY BAD|4|0
"202208"|BOGOR|KHL|0|CATEGORY_LATENCY|VERY GOOD|801|0
"202208"|BOGOR|LBI|0|CATEGORY_LATENCY|UNKNOWN|21|0
"202208"|BOGOR|LBI|0|CATEGORY_LATENCY|ACCEPTABLE|95|0
"202208"|BOGOR|LBI|0|CATEGORY_LATENCY|BAD|32|0
"202208"|BOGOR|LBI|0|CATEGORY_LATENCY|GOOD|46|0
"202208"|BOGOR|LBI|0|CATEGORY_LATENCY|VERY BAD|1|0
"202208"|BOGOR|LBI|0|CATEGORY_LATENCY|VERY GOOD|2|0
"202208"|BOGOR|LWL|0|CATEGORY_LATENCY|UNKNOWN|784|0
"202208"|BOGOR|LWL|0|CATEGORY_LATENCY|ACCEPTABLE|1719|0
"202208"|BOGOR|LWL|0|CATEGORY_LATENCY|BAD|495|0
"202208"|BOGOR|LWL|0|CATEGORY_LATENCY|GOOD|1715|0
"202208"|BOGOR|LWL|0|CATEGORY_LATENCY|VERY BAD|9|0
"202208"|BOGOR|LWL|0|CATEGORY_LATENCY|VERY GOOD|233|0
"202208"|BOGOR|PAG|0|CATEGORY_LATENCY|UNKNOWN|1947|0
"202208"|BOGOR|PAG|0|CATEGORY_LATENCY|ACCEPTABLE|1375|0
"202208"|BOGOR|PAG|0|CATEGORY_LATENCY|BAD|171|0
"202208"|BOGOR|PAG|0|CATEGORY_LATENCY|GOOD|3422|0
"202208"|BOGOR|PAG|0|CATEGORY_LATENCY|VERY BAD|4|0
"202208"|BOGOR|PAG|0|CATEGORY_LATENCY|VERY GOOD|744|0
"202208"|BOGOR|PAR|0|CATEGORY_LATENCY|UNKNOWN|1635|0
"202208"|BOGOR|PAR|0|CATEGORY_LATENCY|ACCEPTABLE|2143|0
"202208"|BOGOR|PAR|0|CATEGORY_LATENCY|BAD|369|0
"202208"|BOGOR|PAR|0|CATEGORY_LATENCY|GOOD|4152|0
"202208"|BOGOR|PAR|0|CATEGORY_LATENCY|VERY BAD|9|0
"202208"|BOGOR|PAR|0|CATEGORY_LATENCY|VERY GOOD|649|0
"202208"|BOGOR|PCM|0|CATEGORY_LATENCY|UNKNOWN|2288|0
"202208"|BOGOR|PCM|0|CATEGORY_LATENCY|ACCEPTABLE|896|0
"202208"|BOGOR|PCM|0|CATEGORY_LATENCY|BAD|89|0
"202208"|BOGOR|PCM|0|CATEGORY_LATENCY|GOOD|3064|0
"202208"|BOGOR|PCM|0|CATEGORY_LATENCY|VERY BAD|1|0
"202208"|BOGOR|PCM|0|CATEGORY_LATENCY|VERY GOOD|3890|0
"202208"|BOGOR|PMU|0|CATEGORY_LATENCY|UNKNOWN|792|0
"202208"|BOGOR|PMU|0|CATEGORY_LATENCY|ACCEPTABLE|914|0
"202208"|BOGOR|PMU|0|CATEGORY_LATENCY|BAD|172|0
"202208"|BOGOR|PMU|0|CATEGORY_LATENCY|GOOD|1862|0
"202208"|BOGOR|PMU|0|CATEGORY_LATENCY|VERY BAD|12|0
"202208"|BOGOR|PMU|0|CATEGORY_LATENCY|VERY GOOD|1048|0
"202208"|BOGOR|SKJ|0|CATEGORY_LATENCY|UNKNOWN|6869|0
"202208"|BOGOR|SKJ|0|CATEGORY_LATENCY|ACCEPTABLE|5064|0
"202208"|BOGOR|SKJ|0|CATEGORY_LATENCY|BAD|597|0
"202208"|BOGOR|SKJ|0|CATEGORY_LATENCY|GOOD|12086|0
"202208"|BOGOR|SKJ|0|CATEGORY_LATENCY|VERY BAD|5|0
"202208"|BOGOR|SKJ|0|CATEGORY_LATENCY|VERY GOOD|3232|0
"202208"|BOGOR|SPL|0|CATEGORY_LATENCY|UNKNOWN|3438|0
"202208"|BOGOR|SPL|0|CATEGORY_LATENCY|ACCEPTABLE|3222|0
"202208"|BOGOR|SPL|0|CATEGORY_LATENCY|BAD|534|0
"202208"|BOGOR|SPL|0|CATEGORY_LATENCY|GOOD|7031|0
"202208"|BOGOR|SPL|0|CATEGORY_LATENCY|VERY BAD|16|0
"202208"|BOGOR|SPL|0|CATEGORY_LATENCY|VERY GOOD|1579|0
"202208"|BOGOR|STL|0|CATEGORY_LATENCY|UNKNOWN|573|0
"202208"|BOGOR|STL|0|CATEGORY_LATENCY|ACCEPTABLE|299|0
"202208"|BOGOR|STL|0|CATEGORY_LATENCY|BAD|33|0
"202208"|BOGOR|STL|0|CATEGORY_LATENCY|GOOD|598|0
"202208"|BOGOR|STL|0|CATEGORY_LATENCY|VERY GOOD|629|0
"202208"|BOGOR|TJH|0|CATEGORY_LATENCY|UNKNOWN|668|0
"202208"|BOGOR|TJH|0|CATEGORY_LATENCY|ACCEPTABLE|740|0
"202208"|BOGOR|TJH|0|CATEGORY_LATENCY|BAD|107|0
"202208"|BOGOR|TJH|0|CATEGORY_LATENCY|GOOD|1981|0
"202208"|BOGOR|TJH|0|CATEGORY_LATENCY|VERY BAD|1|0
"202208"|BOGOR|TJH|0|CATEGORY_LATENCY|VERY GOOD|440|0
"202208"|JAKBAR|CKG|0|CATEGORY_LATENCY|UNKNOWN|19710|0
"202208"|JAKBAR|CKG|0|CATEGORY_LATENCY|ACCEPTABLE|5505|0
"202208"|JAKBAR|CKG|0|CATEGORY_LATENCY|BAD|588|0
"202208"|JAKBAR|CKG|0|CATEGORY_LATENCY|GOOD|15607|0
"202208"|JAKBAR|CKG|0|CATEGORY_LATENCY|VERY BAD|8|0
"202208"|JAKBAR|CKG|0|CATEGORY_LATENCY|VERY GOOD|14223|0
"202208"|JAKBAR|DTG|0|CATEGORY_LATENCY|UNKNOWN|11|0
"202208"|JAKBAR|DTG|0|CATEGORY_LATENCY|GOOD|1|0
"202208"|JAKBAR|DTG|0|CATEGORY_LATENCY|VERY GOOD|1|0
"202208"|JAKBAR|JIA|0|CATEGORY_LATENCY|UNKNOWN|1121|0
"202208"|JAKBAR|JIA|0|CATEGORY_LATENCY|ACCEPTABLE|81|0
"202208"|JAKBAR|JIA|0|CATEGORY_LATENCY|BAD|15|0
"202208"|JAKBAR|JIA|0|CATEGORY_LATENCY|GOOD|135|0
"202208"|JAKBAR|JIA|0|CATEGORY_LATENCY|VERY GOOD|106|0
"202208"|JAKBAR|KDY|0|CATEGORY_LATENCY|UNKNOWN|10000|0
"202208"|JAKBAR|KDY|0|CATEGORY_LATENCY|ACCEPTABLE|1537|0
"202208"|JAKBAR|KDY|0|CATEGORY_LATENCY|BAD|147|0
"202208"|JAKBAR|KDY|0|CATEGORY_LATENCY|GOOD|4327|0
"202208"|JAKBAR|KDY|0|CATEGORY_LATENCY|VERY BAD|1|0
"202208"|JAKBAR|KDY|0|CATEGORY_LATENCY|VERY GOOD|5551|0
"202208"|JAKBAR|KPK|0|CATEGORY_LATENCY|UNKNOWN|2681|0
"202208"|JAKBAR|KPK|0|CATEGORY_LATENCY|ACCEPTABLE|978|0
"202208"|JAKBAR|KPK|0|CATEGORY_LATENCY|BAD|112|0
"202208"|JAKBAR|KPK|0|CATEGORY_LATENCY|GOOD|1535|0
"202208"|JAKBAR|KPK|0|CATEGORY_LATENCY|VERY BAD|6|0
"202208"|JAKBAR|KPK|0|CATEGORY_LATENCY|VERY GOOD|714|0
"202208"|JAKBAR|KSB|0|CATEGORY_LATENCY|UNKNOWN|837|0
"202208"|JAKBAR|KSB|0|CATEGORY_LATENCY|ACCEPTABLE|499|0
"202208"|JAKBAR|KSB|0|CATEGORY_LATENCY|BAD|67|0
"202208"|JAKBAR|KSB|0|CATEGORY_LATENCY|GOOD|1095|0
"202208"|JAKBAR|KSB|0|CATEGORY_LATENCY|VERY BAD|2|0
"202208"|JAKBAR|KSB|0|CATEGORY_LATENCY|VERY GOOD|1332|0
"202208"|JAKBAR|MRY|0|CATEGORY_LATENCY|UNKNOWN|13484|0
"202208"|JAKBAR|MRY|0|CATEGORY_LATENCY|ACCEPTABLE|2263|0
"202208"|JAKBAR|MRY|0|CATEGORY_LATENCY|BAD|233|0
"202208"|JAKBAR|MRY|0|CATEGORY_LATENCY|GOOD|7427|0
"202208"|JAKBAR|MRY|0|CATEGORY_LATENCY|VERY BAD|2|0
"202208"|JAKBAR|MRY|0|CATEGORY_LATENCY|VERY GOOD|8933|0
"202208"|JAKBAR|PLM|0|CATEGORY_LATENCY|UNKNOWN|19297|0
"202208"|JAKBAR|PLM|0|CATEGORY_LATENCY|ACCEPTABLE|2658|0
"202208"|JAKBAR|PLM|0|CATEGORY_LATENCY|BAD|232|0
"202208"|JAKBAR|PLM|0|CATEGORY_LATENCY|GOOD|9269|0
"202208"|JAKBAR|PLM|0|CATEGORY_LATENCY|VERY BAD|2|0
"202208"|JAKBAR|PLM|0|CATEGORY_LATENCY|VERY GOOD|8535|0
"202208"|JAKBAR|SDM|0|CATEGORY_LATENCY|UNKNOWN|2257|0
"202208"|JAKBAR|SDM|0|CATEGORY_LATENCY|ACCEPTABLE|63|0
"202208"|JAKBAR|SDM|0|CATEGORY_LATENCY|BAD|7|0
"202208"|JAKBAR|SDM|0|CATEGORY_LATENCY|GOOD|160|0
"202208"|JAKBAR|SDM|0|CATEGORY_LATENCY|VERY GOOD|177|0
"202208"|JAKBAR|SLP|0|CATEGORY_LATENCY|UNKNOWN|24359|0
"202208"|JAKBAR|SLP|0|CATEGORY_LATENCY|ACCEPTABLE|2637|0
"202208"|JAKBAR|SLP|0|CATEGORY_LATENCY|BAD|284|0
"202208"|JAKBAR|SLP|0|CATEGORY_LATENCY|GOOD|7247|0
"202208"|JAKBAR|SLP|0|CATEGORY_LATENCY|VERY BAD|3|0
"202208"|JAKBAR|SLP|0|CATEGORY_LATENCY|VERY GOOD|7256|0
"202208"|JAKBAR|SMI|0|CATEGORY_LATENCY|UNKNOWN|6635|0
"202208"|JAKBAR|SMI|0|CATEGORY_LATENCY|ACCEPTABLE|911|0
"202208"|JAKBAR|SMI|0|CATEGORY_LATENCY|BAD|105|0
"202208"|JAKBAR|SMI|0|CATEGORY_LATENCY|GOOD|2462|0
"202208"|JAKBAR|SMI|0|CATEGORY_LATENCY|VERY BAD|3|0
"202208"|JAKBAR|SMI|0|CATEGORY_LATENCY|VERY GOOD|2680|0
"202208"|JAKBAR|TGA|0|CATEGORY_LATENCY|UNKNOWN|7194|0
"202208"|JAKBAR|TGA|0|CATEGORY_LATENCY|ACCEPTABLE|2260|0
"202208"|JAKBAR|TGA|0|CATEGORY_LATENCY|BAD|280|0
"202208"|JAKBAR|TGA|0|CATEGORY_LATENCY|GOOD|5178|0
"202208"|JAKBAR|TGA|0|CATEGORY_LATENCY|VERY BAD|4|0
"202208"|JAKBAR|TGA|0|CATEGORY_LATENCY|VERY GOOD|5209|0
"202208"|JAKPUS|CID|0|CATEGORY_LATENCY|UNKNOWN|20166|0
"202208"|JAKPUS|CID|0|CATEGORY_LATENCY|ACCEPTABLE|3140|0
"202208"|JAKPUS|CID|0|CATEGORY_LATENCY|BAD|346|0
"202208"|JAKPUS|CID|0|CATEGORY_LATENCY|GOOD|9826|0
"202208"|JAKPUS|CID|0|CATEGORY_LATENCY|VERY BAD|5|0
"202208"|JAKPUS|CID|0|CATEGORY_LATENCY|VERY GOOD|7579|0
"202208"|JAKPUS|CPP|0|CATEGORY_LATENCY|UNKNOWN|23309|0
"202208"|JAKPUS|CPP|0|CATEGORY_LATENCY|ACCEPTABLE|6009|0
"202208"|JAKPUS|CPP|0|CATEGORY_LATENCY|BAD|979|0
"202208"|JAKPUS|CPP|0|CATEGORY_LATENCY|GOOD|13303|0
"202208"|JAKPUS|CPP|0|CATEGORY_LATENCY|VERY BAD|23|0
"202208"|JAKPUS|CPP|0|CATEGORY_LATENCY|VERY GOOD|5256|0
"202208"|JAKPUS|GBC|0|CATEGORY_LATENCY|UNKNOWN|25175|0
"202208"|JAKPUS|GBC|0|CATEGORY_LATENCY|ACCEPTABLE|3567|0
"202208"|JAKPUS|GBC|0|CATEGORY_LATENCY|BAD|611|0
"202208"|JAKPUS|GBC|0|CATEGORY_LATENCY|GOOD|6924|0
"202208"|JAKPUS|GBC|0|CATEGORY_LATENCY|VERY BAD|17|0
"202208"|JAKPUS|GBC|0|CATEGORY_LATENCY|VERY GOOD|3156|0
"202208"|JAKPUS|GBI|0|CATEGORY_LATENCY|UNKNOWN|18790|0
"202208"|JAKPUS|GBI|0|CATEGORY_LATENCY|ACCEPTABLE|1635|0
"202208"|JAKPUS|GBI|0|CATEGORY_LATENCY|BAD|267|0
"202208"|JAKPUS|GBI|0|CATEGORY_LATENCY|GOOD|2749|0
"202208"|JAKPUS|GBI|0|CATEGORY_LATENCY|VERY BAD|4|0
"202208"|JAKPUS|GBI|0|CATEGORY_LATENCY|VERY GOOD|1998|0
"202208"|JAKPUS|KMY|0|CATEGORY_LATENCY|UNKNOWN|10100|0
"202208"|JAKPUS|KMY|0|CATEGORY_LATENCY|ACCEPTABLE|1145|0
"202208"|JAKPUS|KMY|0|CATEGORY_LATENCY|BAD|125|0
"202208"|JAKPUS|KMY|0|CATEGORY_LATENCY|GOOD|2318|0
"202208"|JAKPUS|KMY|0|CATEGORY_LATENCY|VERY BAD|9|0
"202208"|JAKPUS|KMY|0|CATEGORY_LATENCY|VERY GOOD|1167|0
"202208"|JAKSEL|BIN|0|CATEGORY_LATENCY|UNKNOWN|12453|0
"202208"|JAKSEL|BIN|0|CATEGORY_LATENCY|ACCEPTABLE|3792|0
"202208"|JAKSEL|BIN|0|CATEGORY_LATENCY|BAD|362|0
"202208"|JAKSEL|BIN|0|CATEGORY_LATENCY|GOOD|10180|0
"202208"|JAKSEL|BIN|0|CATEGORY_LATENCY|VERY BAD|7|0
"202208"|JAKSEL|BIN|0|CATEGORY_LATENCY|VERY GOOD|13361|0
"202208"|JAKSEL|CPE|0|CATEGORY_LATENCY|UNKNOWN|17536|0
"202208"|JAKSEL|CPE|0|CATEGORY_LATENCY|ACCEPTABLE|3101|0
"202208"|JAKSEL|CPE|0|CATEGORY_LATENCY|BAD|278|0
"202208"|JAKSEL|CPE|0|CATEGORY_LATENCY|GOOD|8130|0
"202208"|JAKSEL|CPE|0|CATEGORY_LATENCY|VERY BAD|3|0
"202208"|JAKSEL|CPE|0|CATEGORY_LATENCY|VERY GOOD|8694|0
"202208"|JAKSEL|JAG|0|CATEGORY_LATENCY|UNKNOWN|7495|0
"202208"|JAKSEL|JAG|0|CATEGORY_LATENCY|ACCEPTABLE|3773|0
"202208"|JAKSEL|JAG|0|CATEGORY_LATENCY|BAD|454|0
"202208"|JAKSEL|JAG|0|CATEGORY_LATENCY|GOOD|9989|0
"202208"|JAKSEL|JAG|0|CATEGORY_LATENCY|VERY BAD|9|0
"202208"|JAKSEL|JAG|0|CATEGORY_LATENCY|VERY GOOD|10294|0
"202208"|JAKSEL|KAL|0|CATEGORY_LATENCY|UNKNOWN|13397|0
"202208"|JAKSEL|KAL|0|CATEGORY_LATENCY|ACCEPTABLE|2463|0
"202208"|JAKSEL|KAL|0|CATEGORY_LATENCY|BAD|243|0
"202208"|JAKSEL|KAL|0|CATEGORY_LATENCY|GOOD|6962|0
"202208"|JAKSEL|KAL|0|CATEGORY_LATENCY|VERY BAD|3|0
"202208"|JAKSEL|KAL|0|CATEGORY_LATENCY|VERY GOOD|8884|0
"202208"|JAKSEL|KBY|0|CATEGORY_LATENCY|UNKNOWN|17816|0
"202208"|JAKSEL|KBY|0|CATEGORY_LATENCY|ACCEPTABLE|3509|0
"202208"|JAKSEL|KBY|0|CATEGORY_LATENCY|BAD|388|0
"202208"|JAKSEL|KBY|0|CATEGORY_LATENCY|GOOD|8765|0
"202208"|JAKSEL|KBY|0|CATEGORY_LATENCY|VERY BAD|5|0
"202208"|JAKSEL|KBY|0|CATEGORY_LATENCY|VERY GOOD|9026|0
"202208"|JAKSEL|KMG|0|CATEGORY_LATENCY|UNKNOWN|6039|0
"202208"|JAKSEL|KMG|0|CATEGORY_LATENCY|ACCEPTABLE|1128|0
"202208"|JAKSEL|KMG|0|CATEGORY_LATENCY|BAD|116|0
"202208"|JAKSEL|KMG|0|CATEGORY_LATENCY|GOOD|2278|0
"202208"|JAKSEL|KMG|0|CATEGORY_LATENCY|VERY BAD|3|0
"202208"|JAKSEL|KMG|0|CATEGORY_LATENCY|VERY GOOD|1887|0
"202208"|JAKSEL|PSM|0|CATEGORY_LATENCY|UNKNOWN|10946|0
"202208"|JAKSEL|PSM|0|CATEGORY_LATENCY|ACCEPTABLE|4119|0
"202208"|JAKSEL|PSM|0|CATEGORY_LATENCY|BAD|501|0
"202208"|JAKSEL|PSM|0|CATEGORY_LATENCY|GOOD|9359|0
"202208"|JAKSEL|PSM|0|CATEGORY_LATENCY|VERY BAD|11|0
"202208"|JAKSEL|PSM|0|CATEGORY_LATENCY|VERY GOOD|6311|0
"202208"|JAKSEL|TBE|0|CATEGORY_LATENCY|UNKNOWN|33822|0
"202208"|JAKSEL|TBE|0|CATEGORY_LATENCY|ACCEPTABLE|7|0
"202208"|JAKSEL|TBE|0|CATEGORY_LATENCY|GOOD|36|0
"202208"|JAKSEL|TBE|0|CATEGORY_LATENCY|VERY GOOD|35|0
"202208"|JAKSEL|TNK|0|CATEGORY_LATENCY|UNKNOWN|4|0
"202208"|JAKTIM|CBB|0|CATEGORY_LATENCY|UNKNOWN|7753|0
"202208"|JAKTIM|CBB|0|CATEGORY_LATENCY|ACCEPTABLE|92|0
"202208"|JAKTIM|CBB|0|CATEGORY_LATENCY|BAD|9|0
"202208"|JAKTIM|CBB|0|CATEGORY_LATENCY|GOOD|231|0
"202208"|JAKTIM|CBB|0|CATEGORY_LATENCY|VERY GOOD|43|0
"202208"|JAKTIM|CWA|0|CATEGORY_LATENCY|UNKNOWN|34753|0
"202208"|JAKTIM|CWA|0|CATEGORY_LATENCY|ACCEPTABLE|17|0
"202208"|JAKTIM|CWA|0|CATEGORY_LATENCY|BAD|2|0
"202208"|JAKTIM|CWA|0|CATEGORY_LATENCY|GOOD|51|0
"202208"|JAKTIM|CWA|0|CATEGORY_LATENCY|VERY GOOD|42|0
"202208"|JAKTIM|GAN|0|CATEGORY_LATENCY|UNKNOWN|37605|0
"202208"|JAKTIM|GAN|0|CATEGORY_LATENCY|ACCEPTABLE|26|0
"202208"|JAKTIM|GAN|0|CATEGORY_LATENCY|BAD|2|0
"202208"|JAKTIM|GAN|0|CATEGORY_LATENCY|GOOD|106|0
"202208"|JAKTIM|GAN|0|CATEGORY_LATENCY|VERY GOOD|62|0
"202208"|JAKTIM|JTN|0|CATEGORY_LATENCY|UNKNOWN|12388|0
"202208"|JAKTIM|JTN|0|CATEGORY_LATENCY|ACCEPTABLE|5433|0
"202208"|JAKTIM|JTN|0|CATEGORY_LATENCY|BAD|833|0
"202208"|JAKTIM|JTN|0|CATEGORY_LATENCY|GOOD|12937|0
"202208"|JAKTIM|JTN|0|CATEGORY_LATENCY|VERY BAD|15|0
"202208"|JAKTIM|JTN|0|CATEGORY_LATENCY|VERY GOOD|6685|0
"202208"|JAKTIM|KLD|0|CATEGORY_LATENCY|UNKNOWN|15332|0
"202208"|JAKTIM|KLD|0|CATEGORY_LATENCY|ACCEPTABLE|4062|0
"202208"|JAKTIM|KLD|0|CATEGORY_LATENCY|BAD|618|0
"202208"|JAKTIM|KLD|0|CATEGORY_LATENCY|GOOD|9716|0
"202208"|JAKTIM|KLD|0|CATEGORY_LATENCY|VERY BAD|19|0
"202208"|JAKTIM|KLD|0|CATEGORY_LATENCY|VERY GOOD|5998|0
"202208"|JAKTIM|KRG|0|CATEGORY_LATENCY|UNKNOWN|9985|0
"202208"|JAKTIM|KRG|0|CATEGORY_LATENCY|ACCEPTABLE|5237|0
"202208"|JAKTIM|KRG|0|CATEGORY_LATENCY|BAD|650|0
"202208"|JAKTIM|KRG|0|CATEGORY_LATENCY|GOOD|14892|0
"202208"|JAKTIM|KRG|0|CATEGORY_LATENCY|VERY BAD|11|0
"202208"|JAKTIM|KRG|0|CATEGORY_LATENCY|VERY GOOD|10008|0
"202208"|JAKTIM|PDK|0|CATEGORY_LATENCY|UNKNOWN|8372|0
"202208"|JAKTIM|PDK|0|CATEGORY_LATENCY|ACCEPTABLE|2125|0
"202208"|JAKTIM|PDK|0|CATEGORY_LATENCY|BAD|310|0
"202208"|JAKTIM|PDK|0|CATEGORY_LATENCY|GOOD|5698|0
"202208"|JAKTIM|PDK|0|CATEGORY_LATENCY|VERY BAD|5|0
"202208"|JAKTIM|PDK|0|CATEGORY_LATENCY|VERY GOOD|3642|0
"202208"|JAKTIM|PGB|0|CATEGORY_LATENCY|UNKNOWN|5068|0
"202208"|JAKTIM|PGB|0|CATEGORY_LATENCY|ACCEPTABLE|2750|0
"202208"|JAKTIM|PGB|0|CATEGORY_LATENCY|BAD|456|0
"202208"|JAKTIM|PGB|0|CATEGORY_LATENCY|GOOD|6621|0
"202208"|JAKTIM|PGB|0|CATEGORY_LATENCY|VERY BAD|12|0
"202208"|JAKTIM|PGB|0|CATEGORY_LATENCY|VERY GOOD|3106|0
"202208"|JAKTIM|PGG|0|CATEGORY_LATENCY|UNKNOWN|9600|0
"202208"|JAKTIM|PGG|0|CATEGORY_LATENCY|ACCEPTABLE|3813|0
"202208"|JAKTIM|PGG|0|CATEGORY_LATENCY|BAD|648|0
"202208"|JAKTIM|PGG|0|CATEGORY_LATENCY|GOOD|8184|0
"202208"|JAKTIM|PGG|0|CATEGORY_LATENCY|VERY BAD|10|0
"202208"|JAKTIM|PGG|0|CATEGORY_LATENCY|VERY GOOD|5168|0
"202208"|JAKTIM|PSR|0|CATEGORY_LATENCY|UNKNOWN|16341|0
"202208"|JAKTIM|PSR|0|CATEGORY_LATENCY|ACCEPTABLE|3286|0
"202208"|JAKTIM|PSR|0|CATEGORY_LATENCY|BAD|347|0
"202208"|JAKTIM|PSR|0|CATEGORY_LATENCY|GOOD|7641|0
"202208"|JAKTIM|PSR|0|CATEGORY_LATENCY|VERY BAD|5|0
"202208"|JAKTIM|PSR|0|CATEGORY_LATENCY|VERY GOOD|1751|0
"202208"|JAKTIM|RMG|0|CATEGORY_LATENCY|UNKNOWN|9771|0
"202208"|JAKTIM|RMG|0|CATEGORY_LATENCY|ACCEPTABLE|4013|0
"202208"|JAKTIM|RMG|0|CATEGORY_LATENCY|BAD|500|0
"202208"|JAKTIM|RMG|0|CATEGORY_LATENCY|GOOD|9275|0
"202208"|JAKTIM|RMG|0|CATEGORY_LATENCY|VERY BAD|14|0
"202208"|JAKTIM|RMG|0|CATEGORY_LATENCY|VERY GOOD|4005|0
"202208"|JAKUT|CIL|0|CATEGORY_LATENCY|UNKNOWN|7285|0
"202208"|JAKUT|CIL|0|CATEGORY_LATENCY|ACCEPTABLE|3867|0
"202208"|JAKUT|CIL|0|CATEGORY_LATENCY|BAD|623|0
"202208"|JAKUT|CIL|0|CATEGORY_LATENCY|GOOD|7990|0
"202208"|JAKUT|CIL|0|CATEGORY_LATENCY|VERY BAD|13|0
"202208"|JAKUT|CIL|0|CATEGORY_LATENCY|VERY GOOD|5759|0
"202208"|JAKUT|KLG|0|CATEGORY_LATENCY|UNKNOWN|25816|0
"202208"|JAKUT|KLG|0|CATEGORY_LATENCY|ACCEPTABLE|15|0
"202208"|JAKUT|KLG|0|CATEGORY_LATENCY|BAD|1|0
"202208"|JAKUT|KLG|0|CATEGORY_LATENCY|GOOD|40|0
"202208"|JAKUT|KLG|0|CATEGORY_LATENCY|VERY GOOD|11|0
"202208"|JAKUT|KTX|0|CATEGORY_LATENCY|UNKNOWN|9536|0
"202208"|JAKUT|KTX|0|CATEGORY_LATENCY|ACCEPTABLE|999|0
"202208"|JAKUT|KTX|0|CATEGORY_LATENCY|BAD|111|0
"202208"|JAKUT|KTX|0|CATEGORY_LATENCY|GOOD|2233|0
"202208"|JAKUT|KTX|0|CATEGORY_LATENCY|VERY GOOD|2107|0
"202208"|JAKUT|KTZ|0|CATEGORY_LATENCY|UNKNOWN|28339|0
"202208"|JAKUT|KTZ|0|CATEGORY_LATENCY|ACCEPTABLE|2318|0
"202208"|JAKUT|KTZ|0|CATEGORY_LATENCY|BAD|190|0
"202208"|JAKUT|KTZ|0|CATEGORY_LATENCY|GOOD|6366|0
"202208"|JAKUT|KTZ|0|CATEGORY_LATENCY|VERY BAD|7|0
"202208"|JAKUT|KTZ|0|CATEGORY_LATENCY|VERY GOOD|4958|0
"202208"|JAKUT|MKR|0|CATEGORY_LATENCY|UNKNOWN|21932|0
"202208"|JAKUT|MKR|0|CATEGORY_LATENCY|ACCEPTABLE|2944|0
"202208"|JAKUT|MKR|0|CATEGORY_LATENCY|BAD|412|0
"202208"|JAKUT|MKR|0|CATEGORY_LATENCY|GOOD|6971|0
"202208"|JAKUT|MKR|0|CATEGORY_LATENCY|VERY BAD|4|0
"202208"|JAKUT|MKR|0|CATEGORY_LATENCY|VERY GOOD|7446|0
"202208"|JAKUT|MRD|0|CATEGORY_LATENCY|UNKNOWN|2745|0
"202208"|JAKUT|MRD|0|CATEGORY_LATENCY|ACCEPTABLE|1104|0
"202208"|JAKUT|MRD|0|CATEGORY_LATENCY|BAD|216|0
"202208"|JAKUT|MRD|0|CATEGORY_LATENCY|GOOD|2501|0
"202208"|JAKUT|MRD|0|CATEGORY_LATENCY|VERY BAD|2|0
"202208"|JAKUT|MRD|0|CATEGORY_LATENCY|VERY GOOD|1506|0
"202208"|JAKUT|PDM|0|CATEGORY_LATENCY|UNKNOWN|17806|0
"202208"|JAKUT|PDM|0|CATEGORY_LATENCY|ACCEPTABLE|121|0
"202208"|JAKUT|PDM|0|CATEGORY_LATENCY|BAD|16|0
"202208"|JAKUT|PDM|0|CATEGORY_LATENCY|GOOD|204|0
"202208"|JAKUT|PDM|0|CATEGORY_LATENCY|VERY BAD|1|0
"202208"|JAKUT|PDM|0|CATEGORY_LATENCY|VERY GOOD|177|0
"202208"|JAKUT|STR|0|CATEGORY_LATENCY|UNKNOWN|14473|0
"202208"|JAKUT|STR|0|CATEGORY_LATENCY|ACCEPTABLE|2603|0
"202208"|JAKUT|STR|0|CATEGORY_LATENCY|BAD|336|0
"202208"|JAKUT|STR|0|CATEGORY_LATENCY|GOOD|5161|0
"202208"|JAKUT|STR|0|CATEGORY_LATENCY|VERY BAD|19|0
"202208"|JAKUT|STR|0|CATEGORY_LATENCY|VERY GOOD|3127|0
"202208"|JAKUT|TPR|0|CATEGORY_LATENCY|UNKNOWN|14705|0
"202208"|JAKUT|TPR|0|CATEGORY_LATENCY|ACCEPTABLE|7786|0
"202208"|JAKUT|TPR|0|CATEGORY_LATENCY|BAD|1116|0
"202208"|JAKUT|TPR|0|CATEGORY_LATENCY|GOOD|17629|0
"202208"|JAKUT|TPR|0|CATEGORY_LATENCY|VERY BAD|11|0
"202208"|JAKUT|TPR|0|CATEGORY_LATENCY|VERY GOOD|7827|0
"202208"|TANGERANG|CKL|0|CATEGORY_LATENCY|UNKNOWN|2290|0
"202208"|TANGERANG|CKL|0|CATEGORY_LATENCY|ACCEPTABLE|628|0
"202208"|TANGERANG|CKL|0|CATEGORY_LATENCY|BAD|45|0
"202208"|TANGERANG|CKL|0|CATEGORY_LATENCY|GOOD|2033|0
"202208"|TANGERANG|CKL|0|CATEGORY_LATENCY|VERY GOOD|1991|0
"202208"|TANGERANG|CLD|0|CATEGORY_LATENCY|UNKNOWN|11251|0
"202208"|TANGERANG|CLD|0|CATEGORY_LATENCY|ACCEPTABLE|4248|0
"202208"|TANGERANG|CLD|0|CATEGORY_LATENCY|BAD|555|0
"202208"|TANGERANG|CLD|0|CATEGORY_LATENCY|GOOD|10716|0
"202208"|TANGERANG|CLD|0|CATEGORY_LATENCY|VERY BAD|15|0
"202208"|TANGERANG|CLD|0|CATEGORY_LATENCY|VERY GOOD|9316|0
"202208"|TANGERANG|CPA|0|CATEGORY_LATENCY|UNKNOWN|19551|0
"202208"|TANGERANG|CPA|0|CATEGORY_LATENCY|ACCEPTABLE|9341|0
"202208"|TANGERANG|CPA|0|CATEGORY_LATENCY|BAD|1290|0
"202208"|TANGERANG|CPA|0|CATEGORY_LATENCY|GOOD|20530|0
"202208"|TANGERANG|CPA|0|CATEGORY_LATENCY|VERY BAD|20|0
"202208"|TANGERANG|CPA|0|CATEGORY_LATENCY|VERY GOOD|13916|0
"202208"|TANGERANG|CPD|0|CATEGORY_LATENCY|UNKNOWN|5848|0
"202208"|TANGERANG|CPD|0|CATEGORY_LATENCY|ACCEPTABLE|1877|0
"202208"|TANGERANG|CPD|0|CATEGORY_LATENCY|BAD|156|0
"202208"|TANGERANG|CPD|0|CATEGORY_LATENCY|GOOD|6434|0
"202208"|TANGERANG|CPD|0|CATEGORY_LATENCY|VERY BAD|2|0
"202208"|TANGERANG|CPD|0|CATEGORY_LATENCY|VERY GOOD|6313|0
"202208"|TANGERANG|CUG|0|CATEGORY_LATENCY|UNKNOWN|2551|0
"202208"|TANGERANG|CUG|0|CATEGORY_LATENCY|ACCEPTABLE|1111|0
"202208"|TANGERANG|CUG|0|CATEGORY_LATENCY|BAD|92|0
"202208"|TANGERANG|CUG|0|CATEGORY_LATENCY|GOOD|3281|0
"202208"|TANGERANG|CUG|0|CATEGORY_LATENCY|VERY GOOD|3690|0
"202208"|TANGERANG|GDS|0|CATEGORY_LATENCY|UNKNOWN|4876|0
"202208"|TANGERANG|GDS|0|CATEGORY_LATENCY|ACCEPTABLE|1171|0
"202208"|TANGERANG|GDS|0|CATEGORY_LATENCY|BAD|75|0
"202208"|TANGERANG|GDS|0|CATEGORY_LATENCY|GOOD|3921|0
"202208"|TANGERANG|GDS|0|CATEGORY_LATENCY|VERY GOOD|3640|0
"202208"|TANGERANG|KJO|0|CATEGORY_LATENCY|UNKNOWN|246|0
"202208"|TANGERANG|KJO|0|CATEGORY_LATENCY|ACCEPTABLE|283|0
"202208"|TANGERANG|KJO|0|CATEGORY_LATENCY|BAD|37|0
"202208"|TANGERANG|KJO|0|CATEGORY_LATENCY|GOOD|356|0
"202208"|TANGERANG|KJO|0|CATEGORY_LATENCY|VERY GOOD|180|0
"202208"|TANGERANG|LGK|0|CATEGORY_LATENCY|UNKNOWN|9765|0
"202208"|TANGERANG|LGK|0|CATEGORY_LATENCY|ACCEPTABLE|2350|0
"202208"|TANGERANG|LGK|0|CATEGORY_LATENCY|BAD|159|0
"202208"|TANGERANG|LGK|0|CATEGORY_LATENCY|GOOD|8794|0
"202208"|TANGERANG|LGK|0|CATEGORY_LATENCY|VERY BAD|2|0
"202208"|TANGERANG|LGK|0|CATEGORY_LATENCY|VERY GOOD|7351|0
"202208"|TANGERANG|LKG|0|CATEGORY_LATENCY|UNKNOWN|6535|0
"202208"|TANGERANG|LKG|0|CATEGORY_LATENCY|ACCEPTABLE|1289|0
"202208"|TANGERANG|LKG|0|CATEGORY_LATENCY|BAD|93|0
"202208"|TANGERANG|LKG|0|CATEGORY_LATENCY|GOOD|4365|0
"202208"|TANGERANG|LKG|0|CATEGORY_LATENCY|VERY BAD|2|0
"202208"|TANGERANG|LKG|0|CATEGORY_LATENCY|VERY GOOD|4376|0
"202208"|TANGERANG|MUK|0|CATEGORY_LATENCY|UNKNOWN|274|0
"202208"|TANGERANG|MUK|0|CATEGORY_LATENCY|ACCEPTABLE|230|0
"202208"|TANGERANG|MUK|0|CATEGORY_LATENCY|BAD|27|0
"202208"|TANGERANG|MUK|0|CATEGORY_LATENCY|GOOD|355|0
"202208"|TANGERANG|MUK|0|CATEGORY_LATENCY|VERY GOOD|291|0
"202208"|TANGERANG|PDR|0|CATEGORY_LATENCY|UNKNOWN|4468|0
"202208"|TANGERANG|PDR|0|CATEGORY_LATENCY|ACCEPTABLE|1557|0
"202208"|TANGERANG|PDR|0|CATEGORY_LATENCY|BAD|154|0
"202208"|TANGERANG|PDR|0|CATEGORY_LATENCY|GOOD|4826|0
"202208"|TANGERANG|PDR|0|CATEGORY_LATENCY|VERY BAD|2|0
"202208"|TANGERANG|PDR|0|CATEGORY_LATENCY|VERY GOOD|3800|0
"202208"|TANGERANG|PKU|0|CATEGORY_LATENCY|UNKNOWN|3702|0
"202208"|TANGERANG|PKU|0|CATEGORY_LATENCY|ACCEPTABLE|1262|0
"202208"|TANGERANG|PKU|0|CATEGORY_LATENCY|BAD|92|0
"202208"|TANGERANG|PKU|0|CATEGORY_LATENCY|GOOD|4246|0
"202208"|TANGERANG|PKU|0|CATEGORY_LATENCY|VERY BAD|4|0
"202208"|TANGERANG|PKU|0|CATEGORY_LATENCY|VERY GOOD|4437|0
"202208"|TANGERANG|PPG|0|CATEGORY_LATENCY|UNKNOWN|906|0
"202208"|TANGERANG|PPG|0|CATEGORY_LATENCY|ACCEPTABLE|632|0
"202208"|TANGERANG|PPG|0|CATEGORY_LATENCY|BAD|97|0
"202208"|TANGERANG|PPG|0|CATEGORY_LATENCY|GOOD|1362|0
"202208"|TANGERANG|PPG|0|CATEGORY_LATENCY|VERY GOOD|2084|0
"202208"|TANGERANG|PSK|0|CATEGORY_LATENCY|UNKNOWN|5497|0
"202208"|TANGERANG|PSK|0|CATEGORY_LATENCY|ACCEPTABLE|1561|0
"202208"|TANGERANG|PSK|0|CATEGORY_LATENCY|BAD|187|0
"202208"|TANGERANG|PSK|0|CATEGORY_LATENCY|GOOD|3966|0
"202208"|TANGERANG|PSK|0|CATEGORY_LATENCY|VERY BAD|3|0
"202208"|TANGERANG|PSK|0|CATEGORY_LATENCY|VERY GOOD|4729|0
"202208"|TANGERANG|RJG|0|CATEGORY_LATENCY|UNKNOWN|921|0
"202208"|TANGERANG|RJG|0|CATEGORY_LATENCY|ACCEPTABLE|562|0
"202208"|TANGERANG|RJG|0|CATEGORY_LATENCY|BAD|40|0
"202208"|TANGERANG|RJG|0|CATEGORY_LATENCY|GOOD|1248|0
"202208"|TANGERANG|RJG|0|CATEGORY_LATENCY|VERY BAD|1|0
"202208"|TANGERANG|RJG|0|CATEGORY_LATENCY|VERY GOOD|2129|0
"202208"|TANGERANG|RMP|0|CATEGORY_LATENCY|UNKNOWN|156|0
"202208"|TANGERANG|RMP|0|CATEGORY_LATENCY|ACCEPTABLE|169|0
"202208"|TANGERANG|RMP|0|CATEGORY_LATENCY|BAD|25|0
"202208"|TANGERANG|RMP|0|CATEGORY_LATENCY|GOOD|426|0
"202208"|TANGERANG|RMP|0|CATEGORY_LATENCY|VERY GOOD|607|0
"202208"|TANGERANG|SPT|0|CATEGORY_LATENCY|UNKNOWN|1543|0
"202208"|TANGERANG|SPT|0|CATEGORY_LATENCY|ACCEPTABLE|810|0
"202208"|TANGERANG|SPT|0|CATEGORY_LATENCY|BAD|89|0
"202208"|TANGERANG|SPT|0|CATEGORY_LATENCY|GOOD|1764|0
"202208"|TANGERANG|SPT|0|CATEGORY_LATENCY|VERY GOOD|2457|0
"202208"|TANGERANG|SRH|0|CATEGORY_LATENCY|UNKNOWN|2624|0
"202208"|TANGERANG|SRH|0|CATEGORY_LATENCY|ACCEPTABLE|340|0
"202208"|TANGERANG|SRH|0|CATEGORY_LATENCY|BAD|36|0
"202208"|TANGERANG|SRH|0|CATEGORY_LATENCY|GOOD|848|0
"202208"|TANGERANG|SRH|0|CATEGORY_LATENCY|VERY GOOD|507|0
"202208"|TANGERANG|SRP|0|CATEGORY_LATENCY|UNKNOWN|4138|0
"202208"|TANGERANG|SRP|0|CATEGORY_LATENCY|ACCEPTABLE|1718|0
"202208"|TANGERANG|SRP|0|CATEGORY_LATENCY|BAD|132|0
"202208"|TANGERANG|SRP|0|CATEGORY_LATENCY|GOOD|6319|0
"202208"|TANGERANG|SRP|0|CATEGORY_LATENCY|VERY BAD|2|0
"202208"|TANGERANG|SRP|0|CATEGORY_LATENCY|VERY GOOD|7341|0
"202208"|TANGERANG|TAN|0|CATEGORY_LATENCY|UNKNOWN|11077|0
"202208"|TANGERANG|TAN|0|CATEGORY_LATENCY|ACCEPTABLE|3100|0
"202208"|TANGERANG|TAN|0|CATEGORY_LATENCY|BAD|295|0
"202208"|TANGERANG|TAN|0|CATEGORY_LATENCY|GOOD|8330|0
"202208"|TANGERANG|TAN|0|CATEGORY_LATENCY|VERY BAD|4|0
"202208"|TANGERANG|TAN|0|CATEGORY_LATENCY|VERY GOOD|9916|0
"202208"|BANTEN|BAY|0|CATEGORY_PACKET_LOSS|UNKNOWN|250|0
"202208"|BANTEN|BAY|0|CATEGORY_PACKET_LOSS|ACCEPTABLE|660|0
"202208"|BANTEN|BAY|0|CATEGORY_PACKET_LOSS|BAD|191|0
"202208"|BANTEN|BAY|0|CATEGORY_PACKET_LOSS|GOOD|257|0
"202208"|BANTEN|BAY|0|CATEGORY_PACKET_LOSS|VERY BAD|4|0
"202208"|BANTEN|BAY|0|CATEGORY_PACKET_LOSS|VERY GOOD|32|0
"202208"|BANTEN|BJO|0|CATEGORY_PACKET_LOSS|UNKNOWN|480|0
"202208"|BANTEN|BJO|0|CATEGORY_PACKET_LOSS|ACCEPTABLE|960|0
"202208"|BANTEN|BJO|0|CATEGORY_PACKET_LOSS|BAD|206|0
"202208"|BANTEN|BJO|0|CATEGORY_PACKET_LOSS|GOOD|649|0
"202208"|BANTEN|BJO|0|CATEGORY_PACKET_LOSS|VERY BAD|10|0
"202208"|BANTEN|BJO|0|CATEGORY_PACKET_LOSS|VERY GOOD|179|0
"202208"|BANTEN|BJT|0|CATEGORY_PACKET_LOSS|UNKNOWN|181|0
"202208"|BANTEN|BJT|0|CATEGORY_PACKET_LOSS|ACCEPTABLE|328|0
"202208"|BANTEN|BJT|0|CATEGORY_PACKET_LOSS|BAD|125|0
"202208"|BANTEN|BJT|0|CATEGORY_PACKET_LOSS|GOOD|80|0
"202208"|BANTEN|BJT|0|CATEGORY_PACKET_LOSS|VERY BAD|4|0
"202208"|BANTEN|BJT|0|CATEGORY_PACKET_LOSS|VERY GOOD|9|0
"202208"|BANTEN|BLJ|0|CATEGORY_PACKET_LOSS|UNKNOWN|1396|0
"202208"|BANTEN|BLJ|0|CATEGORY_PACKET_LOSS|ACCEPTABLE|1425|0
"202208"|BANTEN|BLJ|0|CATEGORY_PACKET_LOSS|BAD|439|0
"202208"|BANTEN|BLJ|0|CATEGORY_PACKET_LOSS|GOOD|1310|0
"202208"|BANTEN|BLJ|0|CATEGORY_PACKET_LOSS|VERY BAD|11|0
"202208"|BANTEN|BLJ|0|CATEGORY_PACKET_LOSS|VERY GOOD|291|0
"202208"|BANTEN|BRS|0|CATEGORY_PACKET_LOSS|UNKNOWN|401|0
"202208"|BANTEN|BRS|0|CATEGORY_PACKET_LOSS|ACCEPTABLE|996|0
"202208"|BANTEN|BRS|0|CATEGORY_PACKET_LOSS|BAD|383|0
"202208"|BANTEN|BRS|0|CATEGORY_PACKET_LOSS|GOOD|474|0
"202208"|BANTEN|BRS|0|CATEGORY_PACKET_LOSS|VERY BAD|9|0
"202208"|BANTEN|BRS|0|CATEGORY_PACKET_LOSS|VERY GOOD|95|0
"202208"|BANTEN|CKA|0|CATEGORY_PACKET_LOSS|UNKNOWN|4804|0
"202208"|BANTEN|CKA|0|CATEGORY_PACKET_LOSS|ACCEPTABLE|4425|0
"202208"|BANTEN|CKA|0|CATEGORY_PACKET_LOSS|BAD|1165|0
"202208"|BANTEN|CKA|0|CATEGORY_PACKET_LOSS|GOOD|4665|0
"202208"|BANTEN|CKA|0|CATEGORY_PACKET_LOSS|VERY BAD|67|0
"202208"|BANTEN|CKA|0|CATEGORY_PACKET_LOSS|VERY GOOD|1437|0
"202208"|BANTEN|CKD|0|CATEGORY_PACKET_LOSS|UNKNOWN|1270|0
"202208"|BANTEN|CKD|0|CATEGORY_PACKET_LOSS|ACCEPTABLE|1377|0
"202208"|BANTEN|CKD|0|CATEGORY_PACKET_LOSS|BAD|568|0
"202208"|BANTEN|CKD|0|CATEGORY_PACKET_LOSS|GOOD|827|0
"202208"|BANTEN|CKD|0|CATEGORY_PACKET_LOSS|VERY BAD|16|0
"202208"|BANTEN|CKD|0|CATEGORY_PACKET_LOSS|VERY GOOD|156|0
"202208"|BANTEN|CLG|0|CATEGORY_PACKET_LOSS|UNKNOWN|4311|0
"202208"|BANTEN|CLG|0|CATEGORY_PACKET_LOSS|ACCEPTABLE|6353|0
"202208"|BANTEN|CLG|0|CATEGORY_PACKET_LOSS|BAD|1452|0
"202208"|BANTEN|CLG|0|CATEGORY_PACKET_LOSS|GOOD|6433|0
"202208"|BANTEN|CLG|0|CATEGORY_PACKET_LOSS|VERY BAD|79|0
"202208"|BANTEN|CLG|0|CATEGORY_PACKET_LOSS|VERY GOOD|1890|0
"202208"|BANTEN|CRS|0|CATEGORY_PACKET_LOSS|UNKNOWN|1650|0
"202208"|BANTEN|CRS|0|CATEGORY_PACKET_LOSS|ACCEPTABLE|3511|0
"202208"|BANTEN|CRS|0|CATEGORY_PACKET_LOSS|BAD|1114|0
"202208"|BANTEN|CRS|0|CATEGORY_PACKET_LOSS|GOOD|2862|0
"202208"|BANTEN|CRS|0|CATEGORY_PACKET_LOSS|VERY BAD|34|0
"202208"|BANTEN|CRS|0|CATEGORY_PACKET_LOSS|VERY GOOD|679|0
"202208"|BANTEN|CSK|0|CATEGORY_PACKET_LOSS|UNKNOWN|559|0
"202208"|BANTEN|CSK|0|CATEGORY_PACKET_LOSS|ACCEPTABLE|1464|0
"202208"|BANTEN|CSK|0|CATEGORY_PACKET_LOSS|BAD|389|0
"202208"|BANTEN|CSK|0|CATEGORY_PACKET_LOSS|GOOD|766|0
"202208"|BANTEN|CSK|0|CATEGORY_PACKET_LOSS|VERY BAD|7|0
"202208"|BANTEN|CSK|0|CATEGORY_PACKET_LOSS|VERY GOOD|158|0
"202208"|BANTEN|CWN|0|CATEGORY_PACKET_LOSS|UNKNOWN|998|0
"202208"|BANTEN|CWN|0|CATEGORY_PACKET_LOSS|ACCEPTABLE|1107|0
"202208"|BANTEN|CWN|0|CATEGORY_PACKET_LOSS|BAD|269|0
"202208"|BANTEN|CWN|0|CATEGORY_PACKET_LOSS|GOOD|517|0
"202208"|BANTEN|CWN|0|CATEGORY_PACKET_LOSS|VERY BAD|9|0
"202208"|BANTEN|CWN|0|CATEGORY_PACKET_LOSS|VERY GOOD|91|0
"202208"|BANTEN|GRL|0|CATEGORY_PACKET_LOSS|UNKNOWN|284|0
"202208"|BANTEN|GRL|0|CATEGORY_PACKET_LOSS|ACCEPTABLE|596|0
"202208"|BANTEN|GRL|0|CATEGORY_PACKET_LOSS|BAD|144|0
"202208"|BANTEN|GRL|0|CATEGORY_PACKET_LOSS|GOOD|853|0
"202208"|BANTEN|GRL|0|CATEGORY_PACKET_LOSS|VERY BAD|5|0
"202208"|BANTEN|GRL|0|CATEGORY_PACKET_LOSS|VERY GOOD|270|0
"202208"|BANTEN|KMT|0|CATEGORY_PACKET_LOSS|UNKNOWN|511|0
"202208"|BANTEN|KMT|0|CATEGORY_PACKET_LOSS|ACCEPTABLE|1093|0
"202208"|BANTEN|KMT|0|CATEGORY_PACKET_LOSS|BAD|265|0
"202208"|BANTEN|KMT|0|CATEGORY_PACKET_LOSS|GOOD|1071|0
"202208"|BANTEN|KMT|0|CATEGORY_PACKET_LOSS|VERY BAD|15|0
"202208"|BANTEN|KMT|0|CATEGORY_PACKET_LOSS|VERY GOOD|330|0
"202208"|BANTEN|KRS|0|CATEGORY_PACKET_LOSS|UNKNOWN|516|0
"202208"|BANTEN|KRS|0|CATEGORY_PACKET_LOSS|ACCEPTABLE|474|0
"202208"|BANTEN|KRS|0|CATEGORY_PACKET_LOSS|BAD|178|0
"202208"|BANTEN|KRS|0|CATEGORY_PACKET_LOSS|GOOD|143|0
"202208"|BANTEN|KRS|0|CATEGORY_PACKET_LOSS|VERY BAD|6|0
"202208"|BANTEN|KRS|0|CATEGORY_PACKET_LOSS|VERY GOOD|22|0
"202208"|BANTEN|LBU|0|CATEGORY_PACKET_LOSS|UNKNOWN|1231|0
"202208"|BANTEN|LBU|0|CATEGORY_PACKET_LOSS|ACCEPTABLE|2023|0
"202208"|BANTEN|LBU|0|CATEGORY_PACKET_LOSS|BAD|840|0
"202208"|BANTEN|LBU|0|CATEGORY_PACKET_LOSS|GOOD|708|0
"202208"|BANTEN|LBU|0|CATEGORY_PACKET_LOSS|VERY BAD|15|0
"202208"|BANTEN|LBU|0|CATEGORY_PACKET_LOSS|VERY GOOD|80|0
"202208"|BANTEN|LWD|0|CATEGORY_PACKET_LOSS|UNKNOWN|50|0
"202208"|BANTEN|LWD|0|CATEGORY_PACKET_LOSS|ACCEPTABLE|190|0
"202208"|BANTEN|LWD|0|CATEGORY_PACKET_LOSS|BAD|150|0
"202208"|BANTEN|LWD|0|CATEGORY_PACKET_LOSS|GOOD|31|0
"202208"|BANTEN|LWD|0|CATEGORY_PACKET_LOSS|VERY BAD|3|0
"202208"|BANTEN|MEN|0|CATEGORY_PACKET_LOSS|UNKNOWN|205|0
"202208"|BANTEN|MEN|0|CATEGORY_PACKET_LOSS|ACCEPTABLE|1131|0
"202208"|BANTEN|MEN|0|CATEGORY_PACKET_LOSS|BAD|449|0
"202208"|BANTEN|MEN|0|CATEGORY_PACKET_LOSS|GOOD|248|0
"202208"|BANTEN|MEN|0|CATEGORY_PACKET_LOSS|VERY BAD|8|0
"202208"|BANTEN|MEN|0|CATEGORY_PACKET_LOSS|VERY GOOD|24|0
"202208"|BANTEN|MER|0|CATEGORY_PACKET_LOSS|UNKNOWN|956|0
"202208"|BANTEN|MER|0|CATEGORY_PACKET_LOSS|ACCEPTABLE|1288|0
"202208"|BANTEN|MER|0|CATEGORY_PACKET_LOSS|BAD|334|0
"202208"|BANTEN|MER|0|CATEGORY_PACKET_LOSS|GOOD|998|0
"202208"|BANTEN|MER|0|CATEGORY_PACKET_LOSS|VERY BAD|17|0
"202208"|BANTEN|MER|0|CATEGORY_PACKET_LOSS|VERY GOOD|198|0
"202208"|BANTEN|MLP|0|CATEGORY_PACKET_LOSS|UNKNOWN|319|0
"202208"|BANTEN|MLP|0|CATEGORY_PACKET_LOSS|ACCEPTABLE|999|0
"202208"|BANTEN|MLP|0|CATEGORY_PACKET_LOSS|BAD|255|0
"202208"|BANTEN|MLP|0|CATEGORY_PACKET_LOSS|GOOD|308|0
"202208"|BANTEN|MLP|0|CATEGORY_PACKET_LOSS|VERY BAD|7|0
"202208"|BANTEN|MLP|0|CATEGORY_PACKET_LOSS|VERY GOOD|37|0
"202208"|BANTEN|PBN|0|CATEGORY_PACKET_LOSS|UNKNOWN|86|0
"202208"|BANTEN|PBN|0|CATEGORY_PACKET_LOSS|ACCEPTABLE|207|0
"202208"|BANTEN|PBN|0|CATEGORY_PACKET_LOSS|BAD|40|0
"202208"|BANTEN|PBN|0|CATEGORY_PACKET_LOSS|GOOD|88|0
"202208"|BANTEN|PBN|0|CATEGORY_PACKET_LOSS|VERY BAD|1|0
"202208"|BANTEN|PBN|0|CATEGORY_PACKET_LOSS|VERY GOOD|17|0
"202208"|BANTEN|PDG|0|CATEGORY_PACKET_LOSS|UNKNOWN|1770|0
"202208"|BANTEN|PDG|0|CATEGORY_PACKET_LOSS|ACCEPTABLE|4493|0
"202208"|BANTEN|PDG|0|CATEGORY_PACKET_LOSS|BAD|1158|0
"202208"|BANTEN|PDG|0|CATEGORY_PACKET_LOSS|GOOD|1983|0
"202208"|BANTEN|PDG|0|CATEGORY_PACKET_LOSS|VERY BAD|48|0
"202208"|BANTEN|PDG|0|CATEGORY_PACKET_LOSS|VERY GOOD|301|0
"202208"|BANTEN|PSU|0|CATEGORY_PACKET_LOSS|UNKNOWN|220|0
"202208"|BANTEN|PSU|0|CATEGORY_PACKET_LOSS|ACCEPTABLE|272|0
"202208"|BANTEN|PSU|0|CATEGORY_PACKET_LOSS|BAD|103|0
"202208"|BANTEN|PSU|0|CATEGORY_PACKET_LOSS|GOOD|210|0
"202208"|BANTEN|PSU|0|CATEGORY_PACKET_LOSS|VERY BAD|5|0
"202208"|BANTEN|PSU|0|CATEGORY_PACKET_LOSS|VERY GOOD|46|0
"202208"|BANTEN|RKS|0|CATEGORY_PACKET_LOSS|UNKNOWN|1940|0
"202208"|BANTEN|RKS|0|CATEGORY_PACKET_LOSS|ACCEPTABLE|4105|0
"202208"|BANTEN|RKS|0|CATEGORY_PACKET_LOSS|BAD|1421|0
"202208"|BANTEN|RKS|0|CATEGORY_PACKET_LOSS|GOOD|2813|0
"202208"|BANTEN|RKS|0|CATEGORY_PACKET_LOSS|VERY BAD|50|0
"202208"|BANTEN|RKS|0|CATEGORY_PACKET_LOSS|VERY GOOD|602|0
"202208"|BANTEN|SAG|0|CATEGORY_PACKET_LOSS|UNKNOWN|280|0
"202208"|BANTEN|SAG|0|CATEGORY_PACKET_LOSS|ACCEPTABLE|882|0
"202208"|BANTEN|SAG|0|CATEGORY_PACKET_LOSS|BAD|180|0
"202208"|BANTEN|SAG|0|CATEGORY_PACKET_LOSS|GOOD|404|0
"202208"|BANTEN|SAG|0|CATEGORY_PACKET_LOSS|VERY BAD|5|0
"202208"|BANTEN|SAG|0|CATEGORY_PACKET_LOSS|VERY GOOD|55|0
"202208"|BANTEN|SAM|0|CATEGORY_PACKET_LOSS|UNKNOWN|642|0
"202208"|BANTEN|SAM|0|CATEGORY_PACKET_LOSS|ACCEPTABLE|1430|0
"202208"|BANTEN|SAM|0|CATEGORY_PACKET_LOSS|BAD|279|0
"202208"|BANTEN|SAM|0|CATEGORY_PACKET_LOSS|GOOD|734|0
"202208"|BANTEN|SAM|0|CATEGORY_PACKET_LOSS|VERY BAD|5|0
"202208"|BANTEN|SAM|0|CATEGORY_PACKET_LOSS|VERY GOOD|109|0
"202208"|BANTEN|SEG|0|CATEGORY_PACKET_LOSS|UNKNOWN|4705|0
"202208"|BANTEN|SEG|0|CATEGORY_PACKET_LOSS|ACCEPTABLE|7177|0
"202208"|BANTEN|SEG|0|CATEGORY_PACKET_LOSS|BAD|1914|0
"202208"|BANTEN|SEG|0|CATEGORY_PACKET_LOSS|GOOD|6556|0
"202208"|BANTEN|SEG|0|CATEGORY_PACKET_LOSS|VERY BAD|112|0
"202208"|BANTEN|SEG|0|CATEGORY_PACKET_LOSS|VERY GOOD|1777|0
"202208"|BANTEN|SKE|0|CATEGORY_PACKET_LOSS|UNKNOWN|297|0
